ID,date,meals_served,kitchen_staff,temperature_C,humidity_percent,day_of_week,special_event,past_waste_kg,staff_experience,waste_category,food_waste_kg
0,2022-12-19,196,13,27.88727267748186,45.36285390629726,0,0,7.740586989477199,intermediate,dairy,28.946465336432905
4,2022-02-01,148,16,27.714300115065733,69.04611285352485,1,0,41.18430513351168,beginner,meat,53.008322732556536
5,2023-03-19,157,19,19.17390198012001,46.29282284467455,6,0,41.54349249539056,beginner,meat,48.62152711280995
6,2022-07-18,297,10,26.375233470802712,79.74106395272946,0,0,26.52509667517501,intermediate,meat,44.15698435866615
7,2023-03-02,241,18,16.863506350003135,79.2859194985556,3,0,11.834877755148362,intermediate,dairy,27.393670187103623
8,2022-04-18,443,16,19.888627096999212,77.32813583432157,0,0,22.862658782043177,beginner,vegetables,52.17211773229588
9,2023-12-16,416,16,18.559590900838664,75.7865018160785,5,1,34.59944224726701,intermediate,meat,72.05240748747588
10,2023-07-07,439,18,24.111027266972066,43.395803130311776,4,0,17.45914862714055,expert,dairy,44.28415666965992
11,2023-11-07,267,7,25.412493172377086,89.40518256404891,1,0,23.067392475419435,expert,grains,33.23393011057515
12,2022-06-08,487,15,20.96518041223846,53.39234117649265,2,0,41.075793193608725,expert,meat,61.213325501284864
13,2023-04-21,418,13,19.563157006100205,82.53067359315696,4,0,25.043428449760405,intermediate,vegetables,44.93716309238571
15,2022-01-25,376,19,-10.372206511742178,54.49838056556707,1,0,36.25941977645789,expert,meat,50.568698570351984
16,2023-09-10,372,5,30.2220865409082,63.652467801757055,6,0,49.63501381763712,intermediate,grains,60.79622004025845
18,2024-06-03,265,12,15.685237396534474,63.32972544635161,0,0,26.92454031148613,beginner,meat,38.21570049420284
19,2023-10-13,1560,8,23.740401092973112,48.59999623030736,4,0,11.255099233958497,expert,dairy,127.43515972323362
20,2022-09-02,283,8,18.91830132600004,36.075594876909534,4,1,7.659761939404453,beginner,dairy,31.32297930911143
21,2024-04-27,138,17,31.11973590715053,67.67960295624589,5,0,21.02418883248897,intermediate,vegetables,29.53986030174638
23,2024-04-08,152,8,32.734754800209906,48.53006544044045,0,0,27.156303658383163,expert,grains,31.264418840589677
24,2023-07-25,1110,11,15.52006574464098,58.40405288969475,1,0,38.87818951469928,beginner,vegetables,201.3272265452355
25,2022-03-01,439,18,13.283378160234452,56.99053247835356,1,0,22.96250575299588,intermediate,dairy,50.47941710867909
26,2022-10-18,353,11,10.437899771551557,70.64323929112301,1,1,17.26927912906181,expert,meat,45.97954253624569
27,2022-03-12,489,8,18.018568510953187,73.81476882540875,5,0,36.51943096204268,expert,meat,60.20071926103519
28,2022-12-11,464,11,12.722958546168286,58.58900302669756,6,0,23.69813283779297,intermediate,vegetables,45.68508645035617
29,2022-07-04,430,18,20.39768415367352,74.99104586618797,0,0,13.973521899134075,expert,grains,40.633073102672135
30,2022-05-22,354,15,24.8694159344234,56.31230931224613,6,0,28.564853722457485,intermediate,meat,43.078879896854815
31,2023-01-26,153,15,12.80760861028048,48.3682404527756,3,0,18.20906566063972,expert,meat,27.04674865610133
32,2023-05-07,338,8,12.941225711838966,68.06544871719501,6,0,43.68558132861498,intermediate,grains,52.31782235802555
33,2024-04-06,358,18,11.24605069457354,62.444074027986254,5,0,43.56339866493075,expert,grains,46.6214473399448
35,2024-01-20,100,15,28.906616447286314,30.605436401341485,5,0,15.80987449437735,beginner,meat,20.364564228929552
36,2023-07-06,259,5,19.66152102897868,74.34159346727752,3,0,11.18127856859034,intermediate,grains,35.73457609874185
37,2022-11-03,174,15,17.95278884045299,73.84908172270852,3,0,49.733674459050896,intermediate,vegetables,43.2027326256482
38,2024-09-13,470,9,26.29169796766065,84.91543109506938,4,0,29.180322357943155,intermediate,dairy,57.92568114492289
39,2022-11-18,262,13,19.39180629704316,58.00692463387128,4,0,34.51564908942798,intermediate,dairy,44.54682168878266
40,2024-03-10,218,8,22.40415960283049,31.851474258484348,6,0,34.776673046660605,beginner,dairy,31.827616080564624
42,2023-11-09,492,9,11.093390646999238,59.680511375477,3,0,14.92289542114916,intermediate,grains,45.20600927495253
43,2023-10-16,280,18,20.607422147122204,76.88093043686438,0,1,14.55285387508661,beginner,grains,53.59927450876711
44,2022-03-18,317,16,24.068757158584567,50.42435060097388,4,0,46.58484721600757,beginner,dairy,55.91331449992199
45,2022-07-12,382,12,24.70145945225198,36.94425640072232,1,0,5.655521963807551,intermediate,vegetables,27.94548858041052
46,2022-03-28,289,7,29.91994569660069,69.52950420840423,0,0,29.771229969632323,intermediate,meat,40.265658444205016
47,2023-04-04,361,11,19.0736067961498,63.89906146051521,1,0,29.566558998905,intermediate,meat,38.66680034019299
48,2022-02-18,266,9,14.396132910443152,72.46129957983712,4,0,39.71804278993194,intermediate,meat,39.66096850558484
50,2022-01-04,206,11,15.74021461719661,74.28414740031103,1,0,22.28191872759952,beginner,meat,32.44114132276269
51,2022-11-06,439,8,28.810694065389317,72.65308300093915,6,1,30.73051921711912,expert,meat,63.61488965710212
52,2024-01-14,119,19,30.999099507054563,65.4258653893616,6,0,41.554678111117774,intermediate,dairy,39.23947342293806
53,2024-05-23,351,17,17.717468584329882,66.0661617374597,3,0,7.578963950471906,intermediate,dairy,25.96082788900909
54,2023-02-03,441,5,19.019312977765,70.90491864540968,4,0,41.723556905450806,intermediate,meat,62.71189112279262
57,2022-07-19,236,5,34.80333290851681,89.475793604018,1,0,5.945949802679772,expert,vegetables,21.233009332422423
58,2023-08-22,326,6,19.28521419125352,33.637735563988095,1,0,29.073500303424986,intermediate,grains,40.21228889086149
59,2024-08-27,352,15,34.49456144636305,49.9820923083239,1,0,14.91435943798854,expert,meat,37.260332562313856
60,2024-06-01,407,14,23.62763820651749,62.86708166299917,5,1,13.270309929855552,intermediate,grains,50.64036427126848
63,2023-08-27,251,11,13.730944448754403,43.81505524263088,6,0,17.575038829350618,beginner,dairy,29.201816950062387
64,2022-01-11,430,16,12.102455611699616,48.89517531677806,1,0,8.646737470927555,beginner,meat,34.957215203516746
65,2024-06-07,205,10,23.720966418001467,61.182255773669056,4,0,17.58363433219428,intermediate,meat,22.876659936800657
66,2023-11-02,352,12,21.858402747655347,54.16586390773512,3,0,42.34195691227782,intermediate,vegetables,52.869761758372256
67,2024-07-26,121,15,16.9110422645849,69.89967097426643,4,0,16.290064244034713,intermediate,meat,21.77211585097144
68,2024-07-17,259,13,21.292420480792067,53.13681077193888,2,0,49.153170145722896,intermediate,grains,53.34518577593335
69,2023-07-12,479,13,25.48744378518969,62.90292217173924,2,0,19.020728281200302,intermediate,grains,47.8477570518841
70,2023-09-29,483,11,28.655181437045965,40.56572827983568,4,0,35.33078906977853,expert,dairy,56.61000756531634
73,2024-04-14,177,9,19.97090074259324,43.603642939797794,6,0,28.20544479846829,intermediate,vegetables,36.36790404747051
74,2023-08-06,189,9,19.67696900839077,73.53763201646495,6,0,38.72205575258702,intermediate,meat,41.62210376932863
75,2022-11-30,294,9,10.366676426156594,56.4734228193196,2,0,23.55813772105397,beginner,meat,28.10933876263433
77,2022-07-30,195,18,19.32121592972336,79.00339215351268,5,0,38.40320921766183,intermediate,dairy,47.46565108478094
79,2023-04-03,295,11,19.46191058714673,37.79579547214208,0,0,26.854108940042472,expert,meat,38.94264923547769
80,2022-03-30,312,13,32.79590087399778,43.213518082638906,2,0,19.309214810315076,intermediate,meat,27.260593228954438
81,2024-05-29,385,14,20.449748346762107,57.00699158848866,2,0,10.584831547119984,intermediate,meat,28.111738434982996
83,2022-08-07,485,10,24.48537248358752,65.41713257718959,6,0,13.737329107073702,expert,meat,42.17290474419898
85,2022-10-05,250,8,13.588559050984822,88.24452922063489,2,0,34.13560733354957,intermediate,vegetables,43.9522039028567
88,2022-08-02,212,12,11.728319654665489,81.11047421243686,1,0,22.329617127036336,expert,meat,32.89399424923122
91,2023-12-05,445,19,18.001495813024587,55.88283892644448,1,0,41.91458396662404,beginner,meat,55.890327947261575
92,2022-05-17,200,19,11.029587381981791,32.96981120962,1,0,44.54461624068115,intermediate,meat,48.46045497764021
94,2023-06-07,440,7,24.326035723271232,71.28266663016083,2,0,33.33327552223667,intermediate,dairy,50.20667218119864
97,2023-07-23,384,17,15.72236512116534,86.24270628985924,6,0,17.662684197747335,expert,dairy,42.926377891912566
98,2022-09-18,425,8,12.213889605581034,54.84901345969361,6,0,49.4842994170568,beginner,vegetables,50.2620951292006
99,2023-04-13,368,7,14.261948454347936,36.96136088089016,3,0,7.419754024789252,intermediate,meat,11.181281617099684
101,2022-01-31,444,5,29.274607313303388,83.93084329081483,0,0,16.55345733393911,intermediate,meat,37.41623060587887
102,2023-11-29,374,19,15.526584286343212,75.10633038234559,2,0,25.262711772418665,intermediate,dairy,50.80993790088797
103,2023-03-28,363,14,24.820299791335568,58.01807999781664,1,0,40.45865601159192,intermediate,vegetables,47.25970471935827
104,2022-02-24,341,8,30.648019144997416,67.28066983521177,3,0,7.164153968541594,intermediate,meat,35.82086139163689
105,2022-01-24,291,8,14.487433085595836,75.78931747553335,0,1,31.653561697794306,intermediate,grains,53.90655832518387
106,2022-01-08,202,10,28.73278064679564,31.866935995041462,5,0,22.545488583098628,intermediate,meat,35.97056329649056
107,2022-04-24,491,9,32.69546632461601,88.24597238848698,6,0,13.123320277659062,beginner,meat,38.18090522519154
108,2022-04-20,235,5,28.047190698173377,70.58558174030354,2,0,23.67321962358562,intermediate,dairy,37.03081829399744
109,2023-05-22,448,7,19.776069076454363,53.68406123068969,0,1,47.02396742808119,beginner,dairy,61.496622847680506
110,2024-08-24,107,12,28.12963870068477,65.82574621120318,5,0,12.406967316480864,beginner,meat,18.31672505552438
111,2024-08-07,172,10,14.221355166942152,43.750317072849725,2,0,49.69693383933859,intermediate,meat,39.17646466833136
112,2022-01-04,206,11,15.715629038123089,74.28414740031103,1,0,22.28191872759952,beginner,meat,32.44114132276269
113,2022-10-03,228,7,13.14353779516622,39.0950575721928,0,0,24.667318482898445,beginner,grains,27.862980903179064
114,2023-10-19,497,15,32.47252060015589,81.3124191011022,3,0,27.61095423932445,beginner,meat,56.47127034064352
115,2024-02-24,134,6,-10.0,37.79648233607647,5,0,49.35957123135835,beginner,meat,36.16348255236464
116,2024-05-04,405,19,18.64801118754236,54.69932762740214,5,0,11.324620759799432,intermediate,dairy,29.13275037905101
119,2022-01-29,352,12,33.6779718297203,78.44376182039707,5,0,10.38028989884254,intermediate,grains,42.43779828553889
120,2023-01-30,273,6,24.83846422807868,71.86537656440578,0,0,36.81568824226659,intermediate,vegetables,37.96778910636508
121,2023-05-02,495,12,31.617154800838502,59.91424797034255,1,0,8.688458058964798,intermediate,grains,39.02858982092585
122,2023-09-07,454,16,12.553738241438452,62.81157845850757,3,0,5.822378137557781,beginner,meat,28.61084982841934
123,2024-05-27,197,6,10.550879007437604,84.88386689739022,0,0,45.42598738254494,beginner,dairy,43.78961720096392
124,2022-06-24,269,16,23.561965892984187,45.40165369860275,4,0,6.084958703390007,beginner,grains,22.433787375131857
125,2024-07-06,107,9,33.66594885499018,37.02396248545012,5,0,17.660777983422875,beginner,meat,20.900943296550217
127,2022-09-23,445,9,21.99742703980183,37.80286695066832,4,0,10.163911973622596,beginner,meat,32.13176182051132
129,2024-02-29,355,18,28.38764016218844,88.3451999424062,3,0,6.848067775568244,expert,meat,30.25087654111393
132,2022-02-16,120,13,16.513423318396924,87.97460464240788,2,0,18.413404273617022,intermediate,grains,21.20784527390633
134,2023-09-08,460,10,26.46730365518609,40.818476125366686,4,0,45.68609086601858,intermediate,dairy,52.143235607984685
135,2022-06-28,383,9,15.514028123058084,35.53708752439543,1,0,25.669914836024425,intermediate,meat,36.52771738022135
136,2024-07-22,104,19,14.668082394326037,73.5435546218462,0,0,22.229741627788258,expert,grains,31.2218609830682
139,2024-03-14,245,17,28.680489693550943,69.90877165430433,3,0,26.811028262133835,intermediate,grains,35.34613617702079
140,2022-06-18,426,17,20.841383348909723,81.77283017474474,5,0,44.324372998445824,beginner,meat,60.14733985297889
141,2022-03-08,149,7,34.11301180675521,47.02970682141122,1,0,45.21358640057602,beginner,vegetables,39.131939135686665
143,2022-03-09,459,19,29.002351960952428,79.47208848522193,2,0,8.358729398574296,intermediate,grains,41.905911523427854
144,2022-01-28,121,19,29.076915774546176,43.96578882607733,4,0,34.99776881957175,beginner,dairy,34.040727008441245
145,2022-01-13,472,5,23.996107807720737,70.9001689440972,3,1,48.95574677724138,expert,meat,74.21989443342866
146,2023-06-16,109,13,17.938286196918426,84.36395314118192,4,0,16.503759220791267,intermediate,vegetables,29.94626323403256
147,2022-11-16,2930,19,17.929892919134964,33.464463112150426,2,1,20.74344728813845,intermediate,meat,246.35916925603053
148,2024-09-11,286,17,34.70163916631935,50.01640734174259,2,0,41.09172216272909,intermediate,dairy,35.99731048490554
149,2024-05-16,328,12,25.6106361617932,52.886462484798685,3,0,9.172166486462146,expert,vegetables,21.50917831107774
153,2024-06-30,250,17,28.8526920079041,70.32336232513521,6,0,33.05836378283695,intermediate,meat,41.59604746806248
154,2022-11-20,268,7,26.22686646985983,88.17646361088572,6,0,19.175472823254108,beginner,meat,41.54422259935272
155,2024-06-09,180,11,15.653676289748518,66.32896015286428,6,0,37.76055160082888,intermediate,meat,39.12607919065812
156,2023-06-21,279,8,21.955850576201804,53.85885477552217,2,0,6.497058702621129,expert,meat,17.85125890637361
157,2023-11-24,400,5,17.92306193362362,84.13418420773428,4,0,26.49839568797912,expert,vegetables,39.90316811028982
161,2023-08-09,490,14,13.345093406987218,80.8316663420149,2,0,15.468648727404872,intermediate,meat,40.93511002748501
162,2022-01-03,370,14,30.498672935202503,64.63498384611678,0,0,41.551615444565385,beginner,vegetables,61.37539154422557
163,2023-03-22,279,12,21.060248412016737,41.3423714836519,2,0,19.567887152469066,expert,grains,40.34801251669088
165,2023-05-11,217,9,18.658044214725088,41.16138000033994,3,0,13.754076492581785,beginner,vegetables,19.25607904544409
168,2023-07-02,435,11,10.008312653012236,40.90435144256778,6,0,41.79305202370188,intermediate,meat,49.07073747178846
169,2024-05-08,488,18,15.919607732784634,66.3302859969526,2,0,42.64389008424066,expert,vegetables,62.424468036902056
173,2023-08-07,214,13,34.09555688705878,67.18407428598536,0,1,46.30283973920989,beginner,vegetables,60.76397451235442
179,2022-08-20,323,11,32.092741741518815,60.70088319489071,5,0,45.62437045840289,expert,dairy,56.33180623621088
183,2022-01-10,314,18,14.665714445931094,36.38062357534648,0,0,11.210696915902329,beginner,meat,29.955870306642534
184,2024-07-04,473,8,14.040495282146786,30.121111064894038,3,0,20.177010322440186,intermediate,dairy,43.03745323751748
185,2022-11-11,252,12,29.12977161389461,51.207644432806944,4,0,18.6273450040434,beginner,grains,31.51138400026192
188,2022-02-25,364,18,17.459360774749815,63.55108840975959,4,0,18.30492676722286,intermediate,vegetables,29.33196914104916
189,2022-05-01,127,7,22.05890953878979,83.4888009374104,6,0,35.40295893192095,intermediate,dairy,36.07175708613143
192,2022-03-14,205,19,28.645925300774103,33.86947627495005,0,0,20.178627641036886,expert,grains,38.083695122693605
194,2022-02-14,406,10,19.29583823096812,55.28664249475485,0,0,28.56036107884351,expert,meat,44.61575936451028
195,2022-10-24,198,14,29.88775929241008,89.98282824935484,0,0,48.07386335836556,expert,vegetables,55.700980384120285
198,2022-12-03,275,18,26.06439922367974,51.736085225915474,5,0,10.87270518368479,beginner,meat,27.32213577356579
200,2022-12-28,148,8,14.928853164321934,61.63357085038801,2,0,10.476288802700251,intermediate,meat,33.34149368820972
201,2022-01-02,448,16,10.09246361181792,56.13032726388956,6,0,29.89003869762672,intermediate,grains,53.20337458100168
205,2023-11-26,391,13,16.460790507295453,88.46233432075545,6,0,39.55864901278242,intermediate,grains,47.67253679890685
206,2023-06-24,349,16,11.999134858982549,46.03515778761572,5,0,7.840845914358491,expert,grains,35.78733656258153
208,2023-09-15,3160,14,29.52926059467298,38.21994378322028,4,1,24.266982786355392,intermediate,meat,238.8877555088601
209,2022-07-29,259,6,25.813513330657653,57.99646708183296,4,0,11.433239492033849,intermediate,grains,20.954838339054188
211,2022-01-13,472,5,23.54260384741204,70.9001689440972,3,1,48.95574677724138,expert,meat,74.21989443342866
213,2023-03-09,314,19,18.527250611855514,47.39820713661654,3,0,37.675006670508665,expert,dairy,47.78017238355224
215,2022-03-02,191,19,31.70135806330732,43.106590972998426,2,0,31.936779833210185,beginner,grains,38.55908133960595
216,2023-09-14,467,7,16.326460820019612,70.46093874140814,3,0,13.321413386021495,beginner,grains,41.04812759604783
217,2024-01-26,111,12,26.084129497794606,73.90348419385278,4,0,18.56583767564603,intermediate,vegetables,17.1589022243211
218,2022-04-03,466,12,10.030795879160648,31.958740652740115,6,0,26.00276421955777,intermediate,grains,50.49974022207544
219,2024-06-20,361,6,29.674253372941656,55.8224849814476,3,0,45.20321280895942,beginner,dairy,53.18131418805862
220,2023-04-08,146,17,24.511875167916862,86.57902900896255,5,0,17.316430595526693,beginner,vegetables,30.276006387000947
221,2023-10-29,338,5,21.95638236439809,60.88101702728633,6,0,31.64996296991482,intermediate,meat,35.13677188361807
222,2024-09-03,113,12,15.243823692092034,60.81666279265947,1,0,43.73005198049983,beginner,grains,30.167843198721684
223,2023-04-23,191,9,34.35411571570039,46.70636449502607,6,1,35.71936722698895,expert,grains,55.45372001762165
226,2023-12-02,266,12,23.94533063777675,38.89067569379673,5,0,42.16734136003632,intermediate,meat,49.84778399141293
227,2023-04-10,410,5,34.041643398870335,52.63881968437941,0,0,9.387846160874386,intermediate,dairy,27.074924688144137
228,2022-12-22,416,13,20.771552288450835,43.24472930716691,3,0,21.274119267847,beginner,grains,40.84946119758106
229,2022-12-29,116,13,21.97958073609,67.95264659794967,3,0,31.464213692245117,expert,grains,34.63613749773884
230,2022-11-09,211,12,12.727740794143743,65.58087002163586,2,0,23.40883168856943,intermediate,dairy,21.98692898753428
231,2022-11-15,437,16,31.94727897603319,62.959348764190445,1,0,47.23991659820175,beginner,meat,64.24751648968683
233,2023-01-16,215,13,14.614628238425825,79.31559815639578,0,1,37.5382236222351,expert,dairy,49.325797035214485
235,2023-12-18,460,15,28.954625276913436,83.33324544021778,0,0,46.98304814877023,intermediate,grains,65.15092726040436
236,2022-04-21,162,14,26.424596439112328,37.90160630832232,3,0,37.87216148670348,beginner,vegetables,39.83027396080455
237,2023-06-15,349,18,30.733310128532093,49.81456676018432,3,0,7.52729044564909,expert,meat,34.596902201315764
239,2023-12-15,247,13,13.766902692746935,54.0565057483828,4,0,48.54842711751721,intermediate,meat,50.448209572698985
240,2024-05-22,291,7,18.45657763330871,77.1161286909609,2,1,26.70233000366946,beginner,grains,40.29201360142895
242,2024-01-02,416,18,14.848846681694372,73.6049534500918,1,0,43.41445470235004,expert,grains,64.14145442984353
243,2022-10-20,136,14,30.771929783542635,79.8413106312046,3,0,21.74540968587644,intermediate,meat,24.740885543984437
244,2023-03-13,285,16,32.638119808241846,73.2393087169868,0,0,19.09699144612747,beginner,meat,42.91870707320186
245,2024-04-15,465,18,33.06557645219474,82.76046121059169,0,0,27.37642489658951,expert,grains,54.10106472550138
246,2022-11-04,212,16,31.66096668819113,38.87904884195009,4,0,5.498534866743936,intermediate,meat,22.75067208176768
247,2022-10-17,403,12,19.357419178494816,60.44678196718453,0,0,41.47106977469597,beginner,vegetables,44.24663631666861
249,2022-08-04,1510,11,12.434834813838805,34.656878683886454,3,0,47.85868876984896,intermediate,grains,234.78556717889995
251,2022-10-08,362,15,14.059547366558022,58.67270688133455,5,0,35.92830031621329,expert,dairy,48.03801685609985
252,2023-11-05,273,11,33.0074295304852,84.08298579851609,6,0,34.85131403066066,expert,meat,50.764192485014505
253,2023-03-27,200,14,16.77868591250462,64.99599106878273,0,0,6.150640959038061,expert,meat,22.093610708457952
254,2022-10-26,403,12,25.015238563655902,79.00541580717169,2,0,34.35237999045726,beginner,meat,54.04547988922963
255,2024-02-25,352,11,30.62826669165288,63.60550184660373,6,0,40.60779316235076,expert,dairy,51.04679254827028
256,2022-05-18,230,9,26.759636458860307,79.99902428838075,2,1,30.125854177885117,expert,meat,39.15972278810143
257,2022-11-02,215,16,25.12384806726352,57.68673071323876,2,0,39.601402005702575,expert,vegetables,47.74392062284833
258,2024-03-18,366,13,24.13874912303601,70.26331703159487,0,0,28.911057428871285,intermediate,vegetables,49.18095765616919
260,2023-08-23,276,16,16.646278416357838,71.3999842385366,2,0,6.696397621168376,expert,meat,25.75948013693901
261,2023-08-05,192,5,14.42217862859636,42.29887257160898,5,0,15.552476495334218,expert,meat,26.549289822112016
262,2022-01-30,335,12,14.159439673306808,33.545633404695195,6,0,30.768928390201307,intermediate,meat,40.60486015932328
263,2022-06-15,135,12,21.75456481741663,73.10575378912412,2,0,40.3666374294011,intermediate,dairy,40.60640321489917
265,2022-11-07,353,8,12.262042382176269,84.41656853009003,0,0,24.53234792364305,intermediate,meat,43.94120836090968
267,2024-04-23,133,16,29.6781650650401,48.7717896513078,1,1,31.27636801675109,expert,meat,45.61661099759103
268,2022-12-09,137,19,32.85591289878675,65.48440556534928,4,0,13.223802469434617,intermediate,meat,21.1194770153186
269,2023-08-29,289,17,31.616509803510443,54.93853120115434,1,1,44.89261369888561,intermediate,dairy,51.957958707646426
270,2023-06-11,353,8,17.843192279852403,72.56297802524345,6,0,31.21828907181645,expert,vegetables,39.05359318769423
271,2022-03-07,180,7,31.434002302312464,64.03024679516314,0,0,11.10597430065257,intermediate,meat,26.918810911007085
272,2023-09-24,175,11,12.642336997656852,87.18120127073395,6,0,42.79989922719545,intermediate,dairy,41.755480088143145
273,2024-06-10,232,5,31.172968202214,61.00739634768949,0,0,41.591644482559325,beginner,grains,40.68199037157513
277,2022-08-10,200,7,26.303081138260943,57.00740167091593,2,0,6.161422678843178,intermediate,meat,15.029167728376477
278,2022-08-24,229,10,26.734760036484037,75.71440920794493,2,0,31.514657645653497,intermediate,dairy,45.30635157983909
279,2023-03-06,453,5,-10.0,57.79036300508051,0,1,48.43443373455808,intermediate,vegetables,71.75227074576247
281,2023-03-17,249,10,24.89376820472392,79.42668540606991,4,0,28.553323328036235,beginner,meat,32.188218295096945
282,2023-08-12,213,9,24.553705744499307,88.89919943114687,5,0,33.10987884276726,intermediate,vegetables,45.4967963911774
283,2024-08-30,402,5,27.171524941875727,59.61005952926449,4,1,38.829685445734015,beginner,meat,65.84575689369433
284,2022-09-07,424,15,31.605404441854223,63.58130669027639,2,0,9.10132877501049,intermediate,grains,33.79925610780536
286,2023-02-14,1380,5,13.742599198923944,47.55090546424451,1,0,6.107809272855737,intermediate,grains,69.86224757103845
287,2022-03-13,153,12,28.110566815352925,65.92849778300948,6,0,39.67012494832954,beginner,grains,39.6657079268582
290,2023-10-07,495,14,34.78971022175685,53.71235557859821,5,0,6.923282272787812,intermediate,grains,32.72761351567675
291,2022-09-17,286,12,14.500260936818089,85.53823980152015,5,0,5.999831691151119,intermediate,vegetables,22.55562531294854
292,2022-07-24,333,13,30.89995159453024,35.06354283267254,6,0,42.675674819981815,intermediate,dairy,45.64164987381024
293,2024-03-09,104,18,25.938831611755745,50.67624506685358,5,1,26.61324164561101,intermediate,meat,37.80635411084179
294,2023-09-13,183,8,33.257972120945595,83.8604803606774,2,0,29.191308156165466,intermediate,grains,36.35079061729738
295,2023-01-01,257,10,25.433793935324356,50.00443932954663,6,0,41.37776970368103,expert,meat,35.528780533407016
297,2022-03-26,314,12,23.2588598432064,77.34965079532388,5,0,18.82575328314742,expert,dairy,32.08983493800963
298,2024-09-21,393,9,12.17948669579578,59.96590619201013,5,0,23.106787282511043,beginner,meat,43.74184457732785
299,2022-03-24,403,5,13.841450954027817,55.75095560378141,3,0,46.87891143583819,intermediate,vegetables,52.23524727166063
300,2023-06-10,388,16,21.983861003446293,80.29592157274229,5,0,48.99154821552695,intermediate,meat,55.60326930514261
301,2023-03-16,224,18,26.132245938142923,82.91953018329815,3,0,5.306661405505765,beginner,grains,18.671551675118096
302,2023-07-22,143,17,25.829740650336603,72.60812590788396,5,0,28.084070741940835,intermediate,meat,32.83440122472783
303,2023-07-15,200,10,14.26661896374996,62.81779508228329,5,0,5.073969070060236,beginner,dairy,17.932966637160305
304,2023-06-27,356,14,24.85726876404437,81.42777359137693,1,0,25.30699763329015,expert,meat,42.54529404897111
309,2022-04-15,444,5,13.739516066689143,40.2349146934254,4,0,32.62907553230272,beginner,meat,43.8771704460282
311,2024-04-12,2440,13,15.630592556712244,72.8646458175959,4,0,18.92357576917,expert,meat,175.50712946254723
313,2023-03-01,499,17,13.544359838177549,57.236810886501424,2,0,11.811702706847372,intermediate,meat,33.49011057841999
315,2022-10-09,351,9,14.708727094140036,61.93545186893857,6,0,48.27271131707746,intermediate,vegetables,53.65759396965824
316,2022-09-24,246,17,27.149193399574603,80.12881418293966,5,0,27.068383363348094,beginner,dairy,44.27149612194058
318,2023-03-30,159,18,15.770729728850302,86.42691034417035,3,0,17.033687531244844,intermediate,dairy,24.15673617344304
319,2022-12-26,134,7,26.367327035783703,31.8329674256028,0,0,17.399145521338305,beginner,grains,28.518821448840303
320,2023-05-06,100,15,11.577725826978757,36.65865147510888,5,1,18.82155416468952,intermediate,meat,43.27533953549776
322,2024-03-27,197,11,11.40340258540525,76.93027578547478,2,0,35.002918843591544,beginner,vegetables,52.83357599233442
323,2022-04-29,330,17,24.272612546104103,46.13753674958826,4,0,18.381268908881253,intermediate,meat,37.386063510937966
324,2023-09-27,305,10,11.195770509852636,57.53780876263792,2,0,49.72027889201775,intermediate,meat,49.17632379541488
325,2022-09-08,471,14,23.95350623984657,36.315551111820746,3,0,17.865524019704107,intermediate,grains,29.23523001760587
327,2023-12-19,100,14,28.585594651915237,62.67034614295368,1,0,31.39303014668519,beginner,dairy,38.50093835466662
329,2022-01-10,314,18,14.828321614682327,36.38062357534648,0,0,11.210696915902329,beginner,meat,29.955870306642534
330,2024-05-09,321,17,28.311218295952244,44.82789327968352,3,0,36.69508921807312,intermediate,vegetables,49.193833553221225
331,2022-07-16,3580,7,24.943089131396608,74.4588750164747,5,0,23.680622279062447,beginner,meat,181.14232020634785
332,2023-10-15,2080,5,11.717820812956694,57.49407902357003,6,0,26.72830734845472,beginner,grains,140.09294353996813
333,2022-03-23,450,10,12.279112260154792,47.11742030143898,2,0,33.26537890596073,intermediate,dairy,41.41139572751132
334,2023-03-24,425,11,26.74006540334905,72.90232313104103,4,1,11.442261101503686,expert,vegetables,46.67172979068621
335,2023-06-18,424,9,30.6300191853892,73.49138995890102,6,0,12.72183651793355,intermediate,dairy,36.67830715880232
336,2023-10-31,108,17,18.055387586115707,45.22926468940169,1,1,13.742310695081065,expert,vegetables,26.88003880114452
337,2022-08-28,259,9,60.0,52.73461668352886,6,0,49.28141814256086,beginner,meat,44.95541731160156
338,2023-02-16,346,5,13.824595020714067,45.97008075093225,3,0,23.73182513095583,beginner,grains,38.68007153542472
341,2023-06-30,115,15,16.94381559373153,52.95481941423813,4,0,26.059120811511956,expert,meat,29.990518111838615
342,2023-06-04,303,14,13.844778741700775,76.92092009597803,6,0,43.81234283307134,beginner,meat,50.95635127596714
343,2022-08-16,229,17,24.967849502502688,52.20314008045531,1,0,10.1093289046829,intermediate,meat,26.145963479108737
344,2024-07-11,380,7,12.353797753142448,30.400927753433265,3,0,25.556801205026083,intermediate,dairy,32.77750556409924
346,2024-06-08,150,19,25.32250402154873,34.44253307474088,5,0,11.136664736040462,beginner,meat,28.13151835691437
347,2022-06-27,233,9,20.081534028095795,69.75987078356133,0,0,13.517764066220424,intermediate,vegetables,27.484251901320704
348,2022-01-07,120,11,23.894893817049585,45.23849247432148,4,0,15.157747572760734,beginner,meat,29.371950829934622
350,2023-03-07,421,18,60.0,44.07920650655096,1,0,24.268277294022777,intermediate,meat,33.13949371526604
351,2023-06-17,345,6,33.81993819003236,46.00051179971865,5,0,28.740364204973893,intermediate,dairy,52.11980558413495
353,2023-04-24,157,7,10.500658898145613,37.77603907172652,0,1,15.603028303624177,beginner,grains,29.62870217289998
354,2023-11-20,441,15,22.401195966997165,53.179390384587954,0,1,27.66598741977075,beginner,meat,56.19278606770315
355,2022-01-08,202,10,28.91589509462337,31.866935995041462,5,0,22.545488583098628,intermediate,meat,35.97056329649056
356,2022-06-05,340,18,22.02259578622462,57.03582113898804,6,0,19.655816092877892,expert,vegetables,44.23563910533809
358,2023-08-08,204,10,16.214506442873553,83.7645067076744,1,0,9.861303087121064,intermediate,grains,25.792558646776204
360,2022-11-26,403,15,23.71249304128692,48.1468486973628,5,0,6.9491872964440375,expert,meat,35.982798959573486
362,2024-04-02,296,7,20.87950998138392,63.538838045986445,1,0,20.01474007851617,intermediate,dairy,29.02433765482486
364,2023-09-04,112,14,19.809843038211863,67.25451541306248,0,0,19.664660417710568,intermediate,meat,17.80869635513278
365,2022-02-11,343,12,19.56984763524677,78.14125974955584,4,0,15.464359922938474,intermediate,meat,35.12250024596107
368,2024-03-20,381,16,14.132352774254365,62.95858628880624,2,0,32.591835999635805,intermediate,meat,42.13789863938872
370,2023-07-27,401,15,26.39309181404141,70.29853689276179,3,0,44.42866152213002,beginner,meat,54.428789028400345
372,2024-02-02,1070,9,10.726784508598843,45.16881636535203,4,0,31.24075205537912,beginner,dairy,146.54879911584374
373,2024-08-16,206,12,34.19389692758472,31.77024330871236,4,0,14.065876447408982,intermediate,meat,33.17869329213691
375,2022-08-17,3190,5,19.91649440858905,31.64521859835946,2,0,46.28943543441851,expert,meat,274.32878295005906
376,2023-06-08,138,11,33.31826851190637,44.513333013248754,3,0,43.85680737661019,intermediate,meat,51.63730321018424
377,2024-02-26,489,7,23.00741442296635,76.84391119205407,0,0,32.06228318098535,intermediate,meat,48.94411363019948
378,2022-08-01,279,12,20.325779366192425,53.243555140119554,0,0,31.910410279793734,beginner,meat,32.46326536709223
380,2022-03-21,301,19,13.981143456981613,61.87899123408354,0,1,18.63578781419135,expert,vegetables,45.18306143655384
381,2022-05-29,445,19,29.585568148540368,79.09240012489485,6,0,46.21047077543573,intermediate,grains,55.65201446440136
382,2022-10-30,153,5,24.429630917793705,48.02936313602594,6,0,30.584851502207545,expert,meat,35.002366055909526
384,2023-05-17,371,14,31.833416543096195,73.8297816575274,2,0,18.854335637346534,intermediate,meat,39.73588677886973
386,2024-04-21,468,12,16.892996327388808,60.09092768878403,6,0,13.628129782561992,expert,meat,37.51097004039587
387,2022-02-13,230,17,30.537823685186023,31.0800053367129,6,0,29.797292898271955,intermediate,vegetables,36.81092527098032
388,2023-05-09,195,9,18.541862547423023,30.172875099936878,1,0,14.797063084016818,intermediate,meat,18.28295061090398
389,2022-05-14,313,6,15.021477246557351,65.4520464762625,5,0,31.67469233915832,expert,dairy,41.737492242829056
390,2023-08-18,263,19,25.732470150268405,86.84371497518681,4,0,44.4853456971426,beginner,meat,56.42865500191609
392,2023-05-23,346,17,22.528824979550244,85.84843783898938,1,1,23.100068068120056,intermediate,meat,56.65785032273703
393,2023-10-18,285,17,22.86643966433779,75.81474413199436,2,0,42.638941534353776,beginner,meat,52.25791761471604
394,2023-06-01,146,9,30.468375101856758,32.58041711201637,3,1,19.674853363065807,expert,vegetables,35.63798865170704
395,2024-04-29,349,15,13.9095451100862,39.76890298061183,0,0,17.33541637186403,intermediate,vegetables,30.75525793655125
397,2022-01-01,202,9,31.97678700570329,66.82664512894195,5,0,45.44545503818065,intermediate,meat,39.90111001846277
398,2024-02-22,496,16,28.648130220341866,86.95251761223074,3,0,40.83352985368095,expert,dairy,65.3828108015209
400,2022-11-13,483,14,20.95430866029969,32.278893797391206,6,0,36.53264845779187,beginner,vegetables,59.7464323522765
401,2024-02-01,472,7,-10.0,79.08160494832158,3,0,27.5903688982632,expert,vegetables,46.99124467974566
408,2022-05-06,132,14,11.810406803658536,44.33139962411566,4,0,6.888383304963544,expert,dairy,27.580877294803276
409,2023-11-28,351,5,25.901769093245623,80.38896972873187,1,0,33.49684407242347,intermediate,vegetables,38.22834940250373
410,2023-05-15,472,6,16.99258846178698,52.269696887144505,0,0,23.0806910799241,expert,meat,47.26385792863484
412,2024-08-29,306,17,13.24566122379294,52.99705437853208,3,0,9.60651880624442,intermediate,dairy,32.881829624355895
413,2022-04-01,336,19,14.63647186691636,74.2539449455696,4,0,20.553124710938068,expert,grains,42.594171912449845
414,2022-01-11,430,16,11.72529559055672,48.89517531677806,1,0,8.646737470927555,beginner,meat,34.957215203516746
415,2022-07-01,143,15,31.011310156923336,84.0192760844563,4,0,42.59176386279108,intermediate,grains,54.33042519963962
416,2022-12-30,271,14,14.863958079632525,68.66821662726201,4,1,19.223495772946883,expert,meat,42.46912685341998
418,2024-01-23,473,5,22.55125533721118,33.11405661523854,1,0,8.642918125205966,intermediate,vegetables,30.87745733473239
419,2024-08-20,436,7,17.99167081101362,84.67009711080475,1,0,23.861127849892476,expert,grains,41.17630009025122
421,2022-10-19,239,19,16.103682260559356,44.10223288822951,2,0,37.92029538025103,beginner,meat,42.2004241450464
422,2022-05-12,271,17,18.052367555483382,56.84808847934747,3,0,28.848665345963926,expert,meat,42.16060754573266
423,2022-10-28,230,6,30.670972092796937,76.94329976760524,4,0,35.40925818028507,expert,meat,40.820062355471045
425,2022-11-23,388,12,25.24579513746736,35.62034524235461,2,0,42.2374433736053,beginner,meat,56.56163847755517
426,2022-05-25,382,10,17.470897158432848,32.66326633025127,2,0,27.612089457211944,intermediate,vegetables,40.79609504108701
427,2022-01-01,202,9,32.31875912441058,66.82664512894195,5,0,45.44545503818065,intermediate,meat,39.90111001846277
428,2024-08-21,125,14,34.71039973530191,51.29164984476887,2,1,10.098482197922046,intermediate,dairy,32.53548134270126
429,2024-06-05,129,9,23.56364508488557,64.93099380555539,2,0,16.196856215896936,expert,vegetables,21.41751257005324
430,2022-05-16,326,5,30.536018200246662,81.24815985903027,0,0,12.74387146036819,intermediate,vegetables,30.03775847772595
432,2023-12-24,4680,14,24.429319582188757,31.968577447716505,6,0,26.208872355835453,intermediate,meat,251.5389324680473
433,2022-06-14,128,5,18.22543594536656,47.8036584662454,1,0,11.711337167288184,expert,grains,20.46662547745512
434,2022-01-29,352,12,33.682447206408455,78.44376182039707,5,0,10.38028989884254,intermediate,grains,42.43779828553889
435,2023-11-11,221,16,24.96328939210914,58.89296041655126,5,0,47.78683969623941,intermediate,meat,44.92645765113501
437,2024-06-21,152,6,12.798398175538258,71.74784865932669,4,0,22.452542130699246,intermediate,vegetables,26.745208960661795
438,2024-03-24,414,18,27.44176568800188,53.23423627068576,6,0,29.10355252644085,intermediate,meat,44.40918621904974
439,2023-03-10,441,6,30.46767642798082,63.79733585722888,4,0,21.51326331532402,intermediate,dairy,35.60992275517077
441,2022-06-19,286,12,11.09154144268403,30.126230590553003,6,0,5.580825259144639,intermediate,meat,20.854052816946503
443,2022-05-21,317,13,32.40553256712596,57.77111730095103,5,1,32.64800033440957,intermediate,vegetables,46.93456143553215
445,2022-01-07,120,11,23.904543375993924,45.23849247432148,4,0,15.157747572760734,beginner,meat,29.371950829934622
446,2024-03-31,4100,18,21.54332034030956,80.59668545618413,6,0,5.993863038553088,intermediate,dairy,168.86878807181273
447,2023-06-20,389,7,13.044047778131867,32.499409102960946,1,0,25.81670961973189,intermediate,meat,48.93141133145401
448,2024-08-19,160,17,28.493258302138518,34.62871011237491,0,0,9.303831321067218,intermediate,dairy,19.108235746527857
449,2024-05-05,367,18,17.879738027433973,86.09966591032592,6,1,17.891318198506262,intermediate,dairy,46.59667959193476
450,2022-03-15,359,10,-10.0,82.63436742973202,1,0,47.37095837302702,intermediate,meat,70.47233890752912
451,2024-01-08,302,12,25.37445600852831,32.724196888121554,0,0,14.31756875223648,intermediate,meat,31.78580673014093
452,2023-06-12,321,9,25.15927361083439,86.93075734986783,0,1,49.79633685560665,intermediate,meat,60.55478273967968
453,2022-08-27,317,17,24.697109277759672,61.03436290285991,5,0,47.16175386790125,intermediate,vegetables,46.36845766601047
454,2022-05-26,492,11,33.38004538248649,46.669324366904064,3,0,14.034693864050537,beginner,vegetables,47.92574398803941
455,2024-05-02,358,11,25.492486004985395,53.44092665915635,3,0,40.50602800466604,beginner,vegetables,60.03989131385495
456,2022-08-23,225,17,21.21943934578508,32.68670703028009,1,0,19.86761631495274,beginner,meat,31.77886726915395
458,2022-08-03,417,7,20.929134720420663,54.23387185020742,2,0,43.46626004596676,beginner,vegetables,60.41570084963234
459,2023-12-13,225,13,34.12824355317491,84.22545430650854,2,0,15.88271879369089,intermediate,meat,20.47811608116601
461,2022-02-17,428,5,9.783393172948031,37.64723756537214,3,0,17.50303234429545,intermediate,dairy,25.346539962409963
462,2024-06-25,142,7,22.431398257867205,68.49791452964126,1,0,43.81203298542354,intermediate,meat,34.45647907704216
463,2023-12-09,272,9,28.19867941826858,49.58030585591924,5,0,32.86256199093763,beginner,meat,39.09620205186671
464,2023-02-27,420,5,60.0,73.18748720128116,0,0,21.82762105155804,beginner,meat,40.89364052229679
465,2022-07-05,227,8,31.156132300476237,54.7605195650038,1,0,16.901231750023584,intermediate,meat,27.46176944947142
466,2022-02-11,343,12,19.590306510140543,78.14125974955584,4,0,15.464359922938474,intermediate,meat,35.12250024596107
470,2022-02-26,445,15,30.9986791168118,67.69428662779688,5,0,46.96450652086029,expert,meat,59.80524071793212
472,2024-01-24,358,18,13.117851422784762,41.46712256976016,2,0,44.44762221571512,expert,dairy,58.91165116629695
473,2024-03-04,411,17,30.034172895487977,35.89409953134483,0,0,7.812812367968487,expert,grains,35.1648102824776
475,2024-07-15,254,13,29.95860470560821,33.02933666474448,0,0,42.25894085760132,beginner,meat,45.34485117834335
476,2023-03-12,252,10,18.43067831888551,85.00750144214011,6,0,14.296145729980138,expert,meat,20.064183716284045
477,2022-01-25,376,19,-10.0,54.49838056556707,1,0,36.25941977645789,expert,meat,50.568698570351984
482,2022-01-22,393,6,30.869366093229228,51.622669195820855,5,0,27.0066098888429,intermediate,vegetables,40.94928373978302
483,2024-09-24,114,14,32.63399685694676,77.03924152136133,1,0,11.968590833546958,beginner,vegetables,29.354234801149428
484,2022-12-05,474,10,22.51113272826853,83.66715340945393,0,0,19.278746483921893,beginner,meat,45.318940562583386
485,2022-02-21,188,10,12.554840492342976,71.95892250757223,0,0,48.89628627413098,intermediate,meat,43.73146373616711
487,2024-05-11,412,13,13.19970521333966,35.03517214928576,5,0,38.24345793271687,intermediate,vegetables,54.42268691041567
488,2024-09-16,210,19,30.481377621786528,77.24240070030633,0,0,17.219770482986853,expert,meat,36.39223657498373
489,2023-11-14,128,10,23.7522985114539,31.95707690049399,1,1,48.63271725069521,expert,vegetables,60.93248672044817
491,2022-09-22,351,12,19.934474711610022,59.27107183154439,3,0,48.34215621792799,intermediate,dairy,51.94607399547407
492,2023-12-10,240,10,12.698592866161608,80.37957934252742,6,0,42.11631265909238,expert,grains,39.56599547999189
493,2024-02-05,263,14,19.691839868759857,50.21788354304739,0,0,19.131971311329465,beginner,grains,35.33297996955335
494,2024-01-07,312,7,30.3779596120092,57.797619196367805,6,0,29.547065322267606,beginner,grains,49.73890577263821
496,2023-01-31,379,9,29.843596259512907,30.365324894390344,1,0,34.815556298245326,intermediate,meat,47.22914499358653
499,2022-01-19,4080,7,17.08357370663954,50.4228055600005,2,0,19.40122924530764,intermediate,vegetables,172.1555822855819
500,2024-09-06,315,15,18.42101254652758,47.48974445542338,4,0,22.73405687485264,intermediate,meat,37.11049593565764
501,2023-06-23,493,10,15.813783959134502,57.295133370455225,4,0,23.71376027335764,beginner,vegetables,55.15664252828528
503,2023-08-14,475,10,14.742371204366927,84.38525783486621,0,0,25.34911155965924,beginner,grains,48.80799660662797
504,2023-01-03,472,11,26.752400865273543,61.71468658333183,1,1,18.30864031677593,expert,meat,53.28216664259303
505,2022-03-25,370,18,21.342340865132066,46.06660052930005,4,0,35.42472616164584,intermediate,meat,54.09957063564255
506,2022-03-03,466,12,34.0809163360033,37.214833590700536,3,0,34.382734616202896,beginner,vegetables,54.96912120813671
508,2022-09-30,138,15,23.04325116590533,62.72286727309815,4,0,10.056401687704351,intermediate,meat,20.16181296092941
509,2022-10-13,159,14,34.08367082050998,51.371138827055645,3,0,38.28573039933987,intermediate,meat,40.61710993168761
510,2022-12-27,291,19,19.501862723430133,82.32290030682046,1,0,27.25345063041836,beginner,meat,41.35946784132371
511,2022-12-21,466,8,30.559835470426453,88.29198254343532,2,0,37.1486345661724,beginner,vegetables,57.51177973854366
512,2024-08-09,348,16,24.95281573422545,70.24053152293953,4,0,30.408793605329087,intermediate,grains,38.96186733709444
513,2022-10-06,397,14,33.495494798171045,76.41233349207383,3,0,42.96897697942821,expert,dairy,62.679084972593685
514,2023-01-04,105,6,33.24014693554973,77.60364085832086,2,0,16.508466569673516,intermediate,dairy,31.40019827763192
516,2023-09-11,468,7,11.910421485951286,81.83769484410061,0,0,47.812858789059774,beginner,meat,66.9904248323443
517,2023-08-13,174,14,27.024370680956117,61.635910854915394,6,0,8.652390100867153,intermediate,dairy,21.42808367543482
518,2023-10-20,322,6,29.562123114098448,66.183858370231,4,0,5.647155619286884,intermediate,meat,18.619268425753923
519,2022-01-19,4080,7,17.391956137878992,50.4228055600005,2,0,19.40122924530764,intermediate,vegetables,172.1555822855819
520,2023-04-02,202,5,11.308471894662707,79.6028795958611,6,0,31.99855362174797,intermediate,dairy,33.61210489811654
521,2023-01-29,459,16,-10.0,64.62243986771465,6,0,30.08322339413842,beginner,meat,60.69037440873305
523,2023-12-25,411,11,31.928461037785095,68.1625481267981,0,0,26.263194926881336,beginner,meat,46.20074740395693
524,2023-01-11,4010,16,30.579350389891506,50.5069442842057,2,0,31.732225950506503,expert,meat,256.3255236378758
525,2023-02-17,125,17,15.88088962004962,31.32161527342902,4,0,21.04570966778686,expert,grains,19.286385469800813
527,2024-08-05,3170,14,19.07751841585026,56.30309880184568,0,0,15.411093901673404,intermediate,vegetables,167.72347276078136
529,2023-08-28,250,14,13.17999406718624,32.673829406920746,0,0,40.21250649711321,beginner,dairy,51.609715000425886
530,2022-04-25,262,18,28.107132703160296,45.76053855591911,0,0,16.811176330456902,intermediate,grains,30.69250997587629
531,2023-02-22,490,12,17.8067946512199,32.02015069283236,2,0,46.92640881565259,intermediate,dairy,66.90638706394775
532,2022-03-31,307,6,34.18778159034444,59.30247773897632,3,0,31.087902476038643,beginner,meat,49.000917027210384
533,2024-09-17,337,15,31.99554784879238,54.68036798994864,1,0,19.229680515349852,intermediate,dairy,32.96766260645548
534,2024-07-21,376,13,14.890231826112876,43.22902160839824,6,0,24.12290835780937,intermediate,meat,40.124705966212645
536,2023-10-23,262,6,26.68375995116071,52.61913251557681,0,0,32.266678793641134,intermediate,vegetables,38.90545265324258
537,2022-01-12,187,13,18.160839412582327,30.22902804746083,2,0,42.337528984473096,expert,meat,48.10629775919871
538,2023-02-01,213,5,26.165147835571503,36.05647199865129,2,0,41.34730189916658,beginner,vegetables,36.06435439834711
539,2023-07-30,341,9,-10.0,44.34952666693458,6,0,36.7503220242361,expert,meat,47.53306062630596
540,2022-02-12,419,15,11.640653614350324,58.74420378620107,5,0,15.171493855489343,intermediate,dairy,35.56827613398504
541,2022-06-17,259,16,31.79581947432803,73.2836070663773,4,0,20.383127847414144,intermediate,dairy,36.10476295335495
542,2023-02-21,415,15,14.461149130694302,43.15643771543255,1,0,35.62157581359683,intermediate,meat,47.94267080358176
543,2024-08-25,212,6,18.075279959655347,65.68819288066737,6,0,7.874589534390628,beginner,meat,23.81096928366299
544,2023-03-03,470,12,24.92617292239229,63.27944088210573,4,0,19.78511674486093,beginner,grains,39.2634479174479
546,2024-08-06,400,6,32.429658524115474,89.77573719149261,1,0,23.19087389481676,beginner,grains,43.31566368823671
547,2022-01-31,444,5,28.79789439274597,83.93084329081483,0,0,16.55345733393911,intermediate,meat,37.41623060587887
548,2024-06-23,225,5,34.45154544933821,35.52571519397414,6,0,37.6113314417821,expert,meat,35.83680157884877
549,2023-10-24,314,9,10.260692484935078,63.119418127243264,1,0,27.666877418783184,beginner,vegetables,46.04778611530802
551,2022-12-02,132,14,14.211109628567993,85.12408263638264,4,0,28.09287870269161,expert,meat,28.30851581632198
554,2022-11-21,260,17,18.20953069712703,86.94672858536643,0,0,15.107109803369818,expert,vegetables,30.575653714870235
556,2022-08-11,212,12,17.803701417411176,64.75598122923161,3,0,29.898078783035004,intermediate,meat,40.8021964008873
557,2022-06-29,127,9,20.45999471669132,65.7792911316221,2,0,38.8457914794607,intermediate,grains,34.74902392736851
558,2022-04-10,140,14,26.28798667005662,84.64059476610836,6,0,47.34717170172696,intermediate,meat,59.1004523269721
559,2023-06-06,317,6,33.93307219736468,35.99200926817069,1,0,36.28343597945295,intermediate,grains,46.1404537057177
560,2022-01-23,485,19,19.803780286129918,34.110324397618776,6,0,43.68003786130716,intermediate,meat,59.27451313166337
563,2024-07-16,192,7,19.29831669792162,67.64919430705676,1,0,22.00973173817689,intermediate,vegetables,32.16230121701343
564,2024-01-28,323,16,15.430227442280264,54.9566342749113,6,0,14.05687046605126,intermediate,meat,36.12346061057015
567,2023-08-19,493,10,14.971406944382398,50.24040846102141,5,0,39.79325755664412,intermediate,vegetables,58.62991168637818
568,2024-06-17,439,15,21.50405661221099,40.326636169366665,0,0,41.230258309228,intermediate,meat,64.14623086107923
569,2022-07-23,406,5,21.64532017550621,56.93118430048249,5,0,17.75138310010032,expert,meat,28.63989248880968
570,2024-01-31,255,6,10.046997088122763,83.76244797943315,2,0,5.17267154785104,intermediate,grains,23.42633333540604
571,2022-04-04,152,14,-10.0,82.11309037921733,0,0,8.452527208379834,intermediate,grains,30.17570890003757
572,2023-08-26,195,9,16.65048195013452,59.83874677013834,5,0,30.30932183530644,intermediate,grains,38.30562770987711
573,2022-03-10,487,12,21.05746905952276,34.454452379303184,3,0,45.84809449298808,expert,grains,53.02811142358642
574,2024-08-11,220,16,19.092328118903502,42.24147994431472,6,0,17.807017203710643,expert,vegetables,27.43161176278955
575,2022-10-12,211,18,15.864032333370716,80.31295289416968,2,0,33.38228500213681,beginner,meat,35.660235519048264
576,2024-05-15,306,15,29.69282538819272,42.32408450868176,2,0,13.679175591032642,beginner,meat,32.57479849268744
577,2023-03-11,150,6,25.080485255334303,37.1972215814334,5,0,11.625218348473265,expert,meat,23.314972141368774
578,2022-06-03,451,16,24.93689656579825,70.52521245282534,4,1,19.539486574985176,intermediate,meat,40.83410302029882
579,2022-03-17,290,8,27.873101005056192,49.82448023254644,3,0,37.95748009688997,beginner,grains,48.023982951476846
580,2024-02-28,470,6,13.059418933129448,40.32535375771556,2,0,29.506795191983723,beginner,meat,53.67869683480741
581,2023-08-04,363,6,22.04087116337156,76.61568061963354,4,0,36.99504328774151,intermediate,dairy,44.14709184987851
583,2022-07-08,289,14,29.193097201669502,83.28234386160707,4,0,14.817844831697297,intermediate,meat,40.83991087157772
584,2022-09-29,227,6,16.35561449743733,89.69147838355929,3,0,31.44636582293957,beginner,dairy,36.31985707702058
586,2023-05-03,228,18,25.21216031649478,53.10720719415001,2,0,34.10767530168714,beginner,vegetables,34.707083245755896
587,2023-07-14,278,13,20.75842943772303,70.5348055170156,4,0,16.682147766881535,intermediate,vegetables,32.148650553802
588,2022-04-28,360,8,12.569810112316642,89.03041877132627,3,0,44.06761828969268,intermediate,dairy,52.931599282810026
589,2024-05-30,434,13,12.22100612718911,88.6262539830944,3,0,10.463670747723748,expert,meat,42.26877358808445
590,2023-05-28,284,6,23.312029813985653,70.93163283759662,6,0,18.690883872223807,beginner,vegetables,35.647366340464266
592,2023-10-06,198,5,21.54867341677389,71.89866943365436,4,0,39.23986899521793,expert,meat,37.895126410712464
594,2022-04-27,478,19,13.648051850878636,58.37382796865429,2,0,10.004393630219845,intermediate,vegetables,50.20888551953365
595,2023-04-19,244,12,34.5309093586076,38.34695093346525,2,0,12.97072148892143,intermediate,grains,28.0095098013163
596,2022-02-02,158,7,22.079213010420133,82.4536034483011,2,0,24.16719688101228,intermediate,vegetables,34.50138153432251
599,2024-09-07,485,15,17.41224453208288,76.24455185433311,5,0,43.292835473306,intermediate,vegetables,67.2922693239414
601,2022-09-26,4510,8,18.07826642675696,52.48821406690778,0,0,7.293869466009909,beginner,dairy,170.5549474346081
602,2022-02-16,120,13,16.312718742209555,87.97460464240788,2,0,18.413404273617022,intermediate,grains,21.20784527390633
604,2022-07-15,332,18,25.15471783902929,68.27262555981804,4,0,12.408279271640094,expert,grains,34.85539944387109
606,2024-06-18,168,14,28.73209281739441,85.53133247111285,1,0,11.158032496386056,expert,grains,23.751921841598627
607,2024-01-16,332,8,10.275790356561645,51.7305752879237,1,0,10.016945952745187,intermediate,dairy,30.401982938361428
608,2024-06-12,487,7,13.523990688044233,67.8420282695271,2,0,39.84887725728365,intermediate,grains,53.80048111706691
610,2023-03-20,441,8,18.5890118693926,54.14679824602014,0,0,42.1345117066834,beginner,grains,58.34171143004316
611,2024-03-03,109,17,11.56355567243421,40.81174524768888,6,1,5.901045337948442,intermediate,meat,27.969396572762623
613,2022-12-08,257,5,31.179184034314357,66.12701912128676,3,0,36.2307836347584,expert,dairy,34.93707296986269
614,2024-07-25,416,9,28.93704711973544,42.88007183835221,3,0,47.470015011576606,beginner,meat,59.60539459385943
616,2022-05-30,141,5,25.30644964702895,61.89596787626585,0,0,21.19073420953848,expert,meat,34.975518090579165
617,2022-05-05,367,12,33.53093760580966,84.44280988277082,3,0,14.671243912402364,beginner,vegetables,33.42661312208679
618,2024-04-26,171,9,20.722171971525967,88.91434188459235,4,0,8.7918964770133,intermediate,meat,22.70308287551557
619,2024-06-04,434,10,20.099446908163703,41.38891817832936,1,0,6.114419490926804,intermediate,meat,41.23289697247544
620,2022-02-20,487,9,33.607590873945746,79.56234309999431,6,0,42.45877325346137,expert,meat,51.63918351701324
621,2022-12-20,383,14,60.0,31.84740297962687,1,0,6.391889662710471,expert,dairy,35.35247410335702
622,2024-09-25,291,13,28.49178251816909,55.1633767000183,2,0,21.78499260050884,expert,vegetables,38.97142653183968
623,2022-05-23,497,19,25.415114546561853,43.11059006124782,0,1,19.360557041920814,expert,meat,54.47205000458349
625,2023-02-04,250,8,32.64727761969401,36.77589856116068,5,0,5.852543151845956,intermediate,dairy,24.92227385974448
626,2024-07-18,160,6,19.934534762132916,86.17602836479315,3,0,25.981397668752592,intermediate,dairy,30.967777194653983
627,2022-11-17,409,14,31.722515638514277,70.84535357762914,3,0,15.97108719695808,expert,grains,43.59308945899236
629,2024-06-26,339,7,18.49443678904713,72.22753865943045,2,0,19.21987135063523,intermediate,vegetables,33.296391741656024
630,2024-04-30,261,16,31.32724058509126,41.2148664365077,1,0,42.24538376515724,intermediate,meat,48.30380463938802
631,2024-06-13,237,8,26.604697862635437,62.9763761118454,3,0,22.349910398059123,expert,vegetables,31.85015942978777
632,2023-02-12,345,17,30.23824939421105,81.80404601142011,6,0,5.041823759148248,intermediate,dairy,33.8274408115371
635,2022-02-08,150,14,21.14895767525804,52.896716392032005,1,0,18.83884079707053,beginner,vegetables,24.44965456041181
636,2022-06-25,144,18,22.33192116959499,69.91752611868331,5,0,10.240651871677064,expert,meat,28.962394104348828
639,2023-12-23,290,19,12.343923016138916,65.62814884857693,5,1,13.692200378379471,beginner,vegetables,46.06310463655162
640,2024-08-01,445,10,21.190073508005423,78.43135912747128,3,0,34.42040380060077,beginner,vegetables,53.48801722590407
641,2024-07-13,451,16,17.060772467162792,67.51228617182653,5,0,10.140671236612812,intermediate,meat,35.60112292648284
642,2022-06-04,330,6,29.59581383547155,32.69121408141412,5,0,49.44872925946349,intermediate,meat,54.95922069489514
643,2023-10-01,438,12,30.05326395318969,30.781774065425022,6,0,46.21134125078025,intermediate,dairy,50.01830836805584
644,2022-10-15,101,10,26.54080875927867,72.5408234572219,5,0,5.7504116070427616,beginner,meat,16.566751782132215
645,2023-09-18,286,15,60.0,53.51149778454473,0,0,21.34727583795048,expert,dairy,34.982513272835654
647,2023-07-24,496,6,15.816138464067024,66.19750834289658,0,0,42.00026506596547,expert,grains,62.70996773341118
648,2024-03-12,473,18,27.147781776246596,38.53022680223373,1,0,10.077943423262964,expert,vegetables,38.846223448220215
650,2022-05-08,161,11,32.06333714549,57.0279180994691,6,0,9.43674036088714,intermediate,meat,17.199561537947268
651,2022-11-19,307,10,17.421731864007022,32.0676755655,5,0,13.946632742183132,beginner,dairy,33.21430954232683
652,2022-09-13,243,19,15.778272810691163,61.9147623914558,1,0,39.46872086848306,expert,dairy,47.65382663172371
653,2024-03-01,296,15,15.896439978592175,56.92881874479636,4,0,38.51712839884609,intermediate,vegetables,47.09772643098356
656,2022-04-26,388,15,28.72904097753208,46.29412588506239,1,0,28.63662884517125,expert,dairy,43.34716212732006
658,2023-08-30,323,5,16.08694921012168,48.11500200465011,2,0,22.93891223958788,intermediate,vegetables,42.11775422243314
659,2022-06-30,207,7,15.089457008556067,62.975019403328616,3,0,45.74924770680055,intermediate,vegetables,46.36652962334666
661,2024-04-09,264,6,29.50532658575256,58.935861675131534,1,0,36.538956460644286,beginner,vegetables,44.81123862378257
662,2024-06-19,133,7,17.264688995158878,34.10004629073625,2,0,8.137374162517826,expert,grains,20.0748656067004
664,2024-01-10,328,15,19.381497611066656,85.86059825311798,2,1,15.421956114375453,expert,grains,42.09719728374481
668,2022-02-15,234,9,30.469641083927343,31.63050096545065,1,0,17.701811168581976,beginner,dairy,35.34209405578293
669,2024-09-04,127,16,19.47567815547744,45.20143020357968,2,0,36.27132709016784,expert,dairy,36.79611132796196
671,2024-03-13,164,5,34.77816079553259,42.803600878541374,2,0,31.839527958154697,expert,dairy,30.723275078314938
672,2022-06-21,185,13,10.521528482288453,79.77525341191502,1,0,30.510175831229123,intermediate,meat,42.843562459021314
674,2023-05-27,185,16,26.85759516022621,33.1319177426983,5,0,11.38974167084381,intermediate,vegetables,23.26068621846609
675,2022-02-18,266,9,13.973457081918912,72.46129957983712,4,0,39.71804278993194,intermediate,meat,39.66096850558484
676,2022-07-11,476,12,22.849896695218124,38.33227958379102,0,0,25.042393669004248,expert,meat,45.92131478268247
680,2024-01-11,263,11,23.467391683575972,53.50943779701,3,0,43.20157412642328,intermediate,meat,44.1989861852648
683,2024-02-14,140,17,22.16494155609383,75.22978203415312,2,0,42.32233175640685,beginner,dairy,45.63730436819447
684,2023-12-08,225,11,23.48890551238763,55.6501098796867,4,0,46.68387246145382,intermediate,meat,44.27071902428671
686,2022-01-27,413,6,14.343836882689171,84.21647066080772,3,0,38.23276453297334,intermediate,dairy,51.13027259648881
688,2023-03-14,162,5,29.315568186234565,54.08673785479162,1,1,33.62307891585016,intermediate,meat,52.61739096948755
689,2022-01-23,485,19,19.340558078863005,34.110324397618776,6,0,43.68003786130716,intermediate,meat,59.27451313166337
690,2022-12-31,319,15,14.158290193578557,79.18786829908365,5,0,33.21357955379224,intermediate,vegetables,53.13171735963514
692,2022-02-07,274,8,26.90130642966886,43.60382297541064,0,0,39.53744737658175,intermediate,dairy,49.14366793128884
693,2023-11-01,173,15,13.13083926082068,44.74844635836918,2,0,25.124046449739712,expert,dairy,39.99950516248747
694,2022-02-04,287,13,11.611590560955934,40.14486422135956,4,0,9.16251970725337,beginner,dairy,22.98692077983161
695,2023-01-10,448,15,34.41813096656448,32.64971617066988,1,0,24.619783125676364,expert,grains,40.023239995528414
697,2022-02-05,370,9,31.145476340003132,53.38556324558952,5,0,40.115653823307134,intermediate,grains,53.440622009713785
698,2023-11-19,420,16,26.89955688965889,89.54653736248673,6,0,36.76803064610032,expert,dairy,51.13186182269904
700,2024-01-29,371,16,13.445572478980884,75.54413635550254,0,0,45.06064798080969,beginner,vegetables,56.20248094010072
704,2024-07-19,221,16,12.33519929938239,62.51940449338596,4,0,40.637103033369385,intermediate,vegetables,35.26192923315782
705,2023-05-19,291,5,29.65689891892736,77.77443573377126,4,0,40.68783627667951,expert,meat,48.43122661388152
706,2022-02-06,289,10,35.11676371188213,52.77017420248312,6,0,35.31657800939704,beginner,grains,44.97120795281349
707,2024-06-14,2830,14,15.402261329632688,71.38673095488727,4,0,27.80086058843013,expert,meat,205.02305074269
708,2023-08-03,189,10,23.137615549216,63.67761257690417,3,0,38.48128611564545,intermediate,meat,39.59379580090337
709,2022-06-10,330,6,24.83196620775447,82.93551336569087,4,0,24.01952152050313,expert,meat,41.49873003619349
712,2023-12-07,138,5,16.733282457550626,63.7994785219828,3,0,35.21327326896816,expert,grains,29.439951281926007
713,2024-01-27,429,7,29.509994403681866,68.43813556815519,5,0,31.971784679239384,intermediate,meat,47.23485390110691
715,2024-03-11,388,17,14.45631167261604,33.113717971104656,0,0,14.86067291018604,intermediate,dairy,29.67590590798278
716,2024-01-25,243,19,19.634397076184044,48.6050723005653,3,0,37.79914120197535,intermediate,meat,47.99190950936404
717,2024-03-25,382,13,33.24042307189211,84.39433264032976,0,0,32.82308594396546,expert,grains,52.33876215983008
718,2022-04-22,238,18,28.926481690280585,44.051066808929136,4,0,11.090994573797785,beginner,vegetables,33.7421835291834
720,2024-06-02,348,7,34.51292055002765,88.73745042246625,6,0,19.77734748274724,intermediate,dairy,43.31353963662757
723,2023-02-24,135,18,15.15465411296066,54.96728568426554,4,0,41.16898562052932,expert,dairy,40.400829953870485
724,2024-03-19,440,12,34.49116787584708,56.11945328731417,1,0,22.809995584719385,beginner,meat,43.30844444240998
725,2023-08-10,295,16,20.464515540598384,48.9088223479532,3,0,38.7617357339292,expert,meat,48.27761435066501
726,2022-01-12,187,13,17.74548201979458,30.22902804746083,2,0,42.337528984473096,expert,meat,48.10629775919871
728,2022-04-30,140,15,10.4591909235135,54.41831457805584,5,0,12.314209436091854,intermediate,meat,27.065493186452
729,2022-02-23,113,11,23.17560240529655,88.90792159563766,2,0,8.001224663245198,intermediate,meat,20.221548401986887
730,2022-06-01,278,18,26.520502957481263,64.4867732558649,2,0,13.783872405734714,intermediate,vegetables,40.81646090811424
731,2023-02-08,372,10,17.551512545869876,38.71179077307961,2,0,33.7319953159611,beginner,grains,54.64554559061014
733,2022-07-27,414,19,20.132754577143587,78.48135779439318,2,0,33.139848186690486,expert,dairy,52.44275056642469
734,2023-10-21,221,13,15.69606043857775,80.12446985052756,5,0,41.13415855890968,beginner,grains,45.11368986323743
736,2024-09-05,177,5,34.33643474940433,89.25957554047511,3,1,5.474800510258543,intermediate,grains,21.56554549366156
738,2024-05-19,165,19,13.624126809495426,74.00920478952622,6,0,9.56209291114386,beginner,grains,34.46968384941936
739,2022-02-06,289,10,34.75370931876618,52.77017420248312,6,0,35.31657800939704,beginner,grains,44.97120795281349
740,2023-03-29,152,7,27.00329827758629,50.42224477834576,2,0,45.64616472928088,intermediate,vegetables,42.11801989845912
743,2022-10-31,219,19,18.714341681049262,49.549387053866994,0,0,7.662968233859382,beginner,vegetables,31.955215407462436
744,2024-06-29,348,12,28.96062544672778,57.04118849633478,5,0,7.234767115687349,intermediate,meat,29.42935627216665
745,2023-07-26,194,9,14.343814891557365,33.58298933825336,2,0,37.9786634299324,intermediate,vegetables,42.908674450585394
746,2023-09-16,441,17,30.6283048982176,89.69888215950559,5,0,7.764130816692471,intermediate,dairy,41.6100412242775
747,2024-02-04,447,12,60.0,37.52138854754314,6,0,7.453036734702183,intermediate,meat,37.22588760016535
748,2024-09-19,3380,16,16.10849851966165,68.27725576108432,3,0,26.434505849310696,intermediate,dairy,185.69433254181237
752,2023-02-19,405,11,21.822299140829557,80.53384478063688,6,0,6.813002558054395,intermediate,meat,40.36216505308717
753,2022-05-31,479,9,22.10996118935101,82.7917606416696,1,0,18.813752699405818,expert,vegetables,42.23319998951513
754,2024-04-28,253,9,16.703475502387835,44.85060438842471,6,0,35.617298619313495,beginner,grains,46.05697815501792
755,2023-10-03,243,10,10.88927167588871,79.76349761751075,1,0,17.76235655377113,expert,grains,20.835739174543814
756,2024-08-14,155,5,17.82904987043206,33.001114609266736,2,0,35.83285309750012,beginner,grains,38.640989924861
758,2024-05-01,217,10,11.162514661001635,31.187739500835264,2,0,38.29405219701816,beginner,vegetables,36.07514419765052
759,2023-05-04,157,12,22.670960795512062,81.9492099133413,3,0,33.12408867692159,intermediate,meat,43.102347038498095
760,2023-12-12,319,12,12.296772192751115,55.806172591788005,1,0,29.83713624772099,intermediate,meat,35.34865767771876
762,2022-05-27,306,7,33.68376156577597,79.00093052704308,4,0,19.17546675695292,expert,vegetables,36.61806785329181
763,2024-02-17,244,17,10.57332028170105,61.055778078931326,5,0,29.91013396980611,intermediate,meat,33.49878087126129
764,2022-01-03,370,14,30.759733319169975,64.63498384611678,0,0,41.551615444565385,beginner,vegetables,61.37539154422557
765,2024-05-03,478,12,24.04982118667017,41.48566082997255,4,0,10.359794114452232,intermediate,vegetables,44.47820964210439
766,2024-08-08,381,9,22.676277596636027,62.81255795256268,3,0,44.085066271225735,beginner,grains,61.47164287774171
767,2023-10-22,232,14,34.39977123996981,77.06525148020506,6,0,49.13572124365632,intermediate,grains,44.34609102083271
769,2023-04-09,454,12,12.219184852694212,55.343071331058354,6,0,46.03183829087413,beginner,dairy,58.63395686082685
770,2022-11-22,167,18,25.755218708228604,60.774144968831855,1,0,8.111910547332556,intermediate,meat,19.702327331378385
771,2022-07-06,447,13,25.719120455148627,68.76577050030377,2,0,27.65961416803488,beginner,grains,48.45205936270791
772,2022-05-04,427,6,29.3951183948239,66.24430062427315,2,0,36.41892938044249,intermediate,dairy,48.88488574689809
773,2024-07-08,459,15,28.76823767498368,66.73548904571068,0,0,26.392363490996708,intermediate,dairy,54.245769761141645
774,2023-09-01,367,9,30.267148199656656,51.25606589046279,4,0,17.018375335534955,expert,dairy,34.40843663602788
775,2022-05-24,458,12,25.323604371640148,53.80781082517899,1,0,26.146191741511792,intermediate,meat,51.797708633708375
776,2024-01-22,153,11,21.75797635254464,82.96406284040532,0,0,17.70655635691953,intermediate,meat,23.562718453819716
777,2022-01-30,335,12,14.161069482229902,33.545633404695195,6,0,30.768928390201307,intermediate,meat,40.60486015932328
778,2022-07-17,458,17,29.82390236514079,61.79949137558512,6,0,5.644890764015057,intermediate,dairy,35.47048980696812
781,2022-10-21,259,18,31.61522089887592,62.68965945271121,4,0,28.48479476710744,intermediate,grains,45.02294444071185
783,2023-02-05,226,13,29.24861750629197,80.52446624391476,6,1,38.11630790983949,intermediate,meat,56.36772278467056
784,2022-05-03,300,10,18.650414191120987,32.38595789931417,1,0,32.89858541933739,intermediate,meat,39.363101762174665
785,2022-07-03,385,14,34.019513787174425,49.26486582522301,6,0,24.851774850378455,intermediate,meat,44.72746940426555
786,2022-07-22,324,19,19.596178796694907,61.9495619662288,4,0,40.448398473606645,intermediate,meat,48.01682078187979
788,2022-09-04,354,6,29.54475824612573,61.86512069311457,6,0,37.79538000154592,expert,meat,51.35502788217421
790,2024-04-16,100,19,21.80151085492496,78.5273990738123,1,0,13.02872434535731,beginner,vegetables,25.528963152127705
791,2024-04-04,232,18,27.650475191600616,72.37159097780152,3,0,11.22656903996855,intermediate,meat,28.1773393440196
792,2024-09-01,155,12,10.734103977559808,77.20617020142764,6,0,38.45458282802875,beginner,grains,38.31161084839796
794,2024-08-12,313,9,28.31588086752082,69.23964554038807,0,0,28.274424246208824,beginner,vegetables,41.919807974869975
795,2022-05-10,392,16,30.612851172420847,67.35118174378471,1,0,16.441755415018903,intermediate,grains,37.44362806812546
797,2023-02-07,485,8,16.39112494523181,58.69559305171341,1,0,10.98176192185922,beginner,grains,35.68984150664048
798,2024-04-24,447,15,34.3708663195278,86.11782591271967,2,0,14.314712056027618,intermediate,dairy,44.06534191733787
799,2024-04-10,301,18,10.175730095340478,37.10954152610404,2,0,43.49980055461426,expert,vegetables,52.1594636298296
800,2024-01-06,4730,13,28.55870126431273,60.939564351387205,5,0,14.096722965137184,beginner,vegetables,236.740804082432
801,2024-09-08,464,13,32.95519999056938,55.64973902140555,6,0,20.56364860888712,expert,meat,39.74884586230344
803,2023-10-04,472,9,22.71448223618946,73.92735641057735,2,0,19.68269682060259,expert,grains,40.68538814478501
805,2024-03-21,162,19,27.506298986113027,48.71904121958511,3,0,41.25209984466073,expert,vegetables,42.44814334712834
806,2024-05-17,440,8,22.362028282377324,88.92297222095775,4,0,28.950029368528725,intermediate,grains,49.70735267877991
809,2024-06-22,304,18,18.89933434487132,57.48133270009552,5,0,17.95458551313564,intermediate,grains,36.33703728869845
810,2024-03-30,484,5,19.422854118409298,66.95471494060328,5,0,7.420188387982005,expert,meat,41.25908194110553
811,2023-01-22,227,5,12.175974064691466,73.38896918787776,6,0,32.21777432131616,intermediate,dairy,34.23489537377474
812,2022-02-08,150,14,21.17730979780928,52.896716392032005,1,0,18.83884079707053,beginner,vegetables,24.44965456041181
813,2024-03-17,276,16,15.073409189372557,75.88314848857675,6,0,9.775651347094795,intermediate,vegetables,27.55105051255697
814,2023-05-25,253,8,23.49331546899857,74.22579302592308,3,0,36.75359283660417,intermediate,meat,51.02067059490352
815,2022-09-25,247,19,-10.0,52.22381917651839,6,1,12.62768413397264,beginner,dairy,42.5817282173251
816,2024-05-31,446,5,27.093852639426064,36.18728174448455,4,0,37.450956081057065,intermediate,dairy,46.16071856272219
817,2023-03-18,413,7,20.029697850974568,73.30329316303076,5,0,46.4681026358338,beginner,meat,59.76235619601293
818,2023-05-12,147,18,15.97638330493164,63.124161879202674,4,0,41.92484626650735,intermediate,meat,34.490745813410804
819,2022-04-23,180,10,33.81621595096793,77.20502010926621,5,0,13.893764926600856,expert,meat,26.38852991430539
820,2023-11-23,316,17,26.78637337236608,80.83630006331157,3,0,32.910860942101046,beginner,dairy,45.702422255729424
822,2024-07-24,269,13,18.91677435354412,74.36449378987871,2,0,29.638304782699752,beginner,grains,38.457014258753055
824,2023-11-03,329,14,12.84891586785793,83.67856785465807,4,0,34.462640682429935,beginner,vegetables,53.21618977234384
825,2023-01-09,379,15,-10.0,30.139052874288836,0,0,22.312965942835024,beginner,dairy,45.17859439882015
826,2023-10-26,334,13,16.517832497997915,32.76340405139738,3,0,47.863255535806935,intermediate,dairy,44.2758108251147
827,2024-06-27,470,10,31.803392500561912,52.39558886776554,3,0,43.34955760407533,intermediate,dairy,55.97651862079997
829,2022-01-15,4590,8,19.261091141805583,69.31694458149948,5,0,8.944242628759397,beginner,meat,170.34777416172813
830,2024-04-25,194,14,19.28017734724996,81.04081563629077,3,0,43.31325865511633,intermediate,vegetables,41.14693013822528
831,2023-11-08,269,6,13.915960924345208,87.29081958230809,2,0,40.69078420833754,beginner,grains,34.84305024107918
832,2022-11-14,465,5,32.53439123971111,74.75160231762072,0,1,31.50590409414102,intermediate,meat,55.95444716180847
833,2023-10-11,250,7,18.87103400642226,81.25331438045208,2,0,26.44369118745068,beginner,meat,33.88575429621124
835,2024-08-23,356,12,13.060847458973528,42.92066288295316,4,0,29.629610795276875,beginner,vegetables,38.24300544431093
836,2023-12-11,341,10,27.132450402896836,38.62886101888883,0,0,35.99647266154942,expert,dairy,47.765151636004006
837,2022-12-25,103,13,33.866500750832685,85.75544388043376,6,0,33.89389283085796,beginner,dairy,40.969616289130336
838,2022-09-16,223,17,15.617529424317,42.5318442423444,4,0,31.08285937526615,beginner,meat,42.12533495747312
840,2023-09-20,276,15,15.674117359134105,36.533598838862346,2,0,48.987331619400194,beginner,grains,51.83170663911999
841,2023-09-25,364,12,34.70688177500328,61.3523830039232,0,0,20.269527604507,intermediate,meat,48.04887711443829
842,2022-10-10,243,8,28.27073687177191,40.10021735514781,0,0,37.86095004610406,intermediate,meat,43.91170488567292
843,2023-01-12,280,15,23.06202601290296,67.97437984070605,3,0,31.534407281819643,intermediate,vegetables,43.303637667847504
844,2023-01-20,355,9,32.94381222928443,36.26424778488489,4,0,5.657404869899729,intermediate,meat,30.086131980382746
846,2022-01-27,413,6,14.41571947095528,84.21647066080772,3,0,38.23276453297334,intermediate,dairy,51.13027259648881
847,2024-05-26,405,15,14.57538610586818,86.4763468945111,6,0,37.030007524592726,beginner,meat,65.4262392102655
848,2023-04-18,246,17,17.52132770883138,70.55086478786018,1,0,7.865814537613253,intermediate,meat,22.111699959358223
850,2023-05-21,377,9,24.164384054285463,32.1563204952932,6,0,46.962001561541086,intermediate,grains,49.48425076677764
851,2023-10-02,466,10,12.63418834882015,30.851402963746036,0,0,37.30697109230458,expert,dairy,46.14603048530385
852,2022-02-15,234,9,30.12073213153273,31.63050096545065,1,0,17.701811168581976,beginner,dairy,35.34209405578293
854,2024-09-26,218,7,14.781510447864669,60.00480709629496,3,0,14.406666682366502,intermediate,meat,16.80629174032871
855,2024-08-31,226,10,12.32576216150068,46.99828574549584,5,0,45.78050837458124,intermediate,vegetables,48.22888084917974
856,2023-09-12,161,9,16.98419284836791,58.88000259213989,1,0,11.165940951634427,expert,grains,19.029016240724307
858,2024-05-14,402,8,30.69670938305432,34.326665575766114,1,0,36.32866026354905,beginner,meat,40.63287406925743
859,2023-10-08,124,8,34.26874894176676,87.17380775986965,6,0,43.90935595712356,intermediate,dairy,43.864360943854784
860,2024-07-01,282,19,10.448641964212296,65.01341803948911,0,0,7.839786610199581,beginner,meat,29.899607897785632
861,2023-07-11,262,17,28.856338608596577,69.78044076850657,1,0,38.58632979409587,expert,dairy,48.86451690846752
862,2023-11-13,104,18,19.399822248532782,35.44330213409586,0,0,16.74133608425756,intermediate,meat,25.766014725238325
866,2022-08-31,423,5,19.483964748060597,77.50321555568078,2,0,35.62511728005957,intermediate,grains,42.99511970576117
867,2023-11-30,463,16,34.45993197001489,43.721664564021886,3,0,28.899927335188742,intermediate,grains,48.5476034469008
869,2022-06-09,321,13,28.12066399685146,73.7916185309087,3,0,26.12833994055352,expert,grains,43.10401968389133
870,2023-06-09,199,11,24.379083762415625,84.66412216604301,4,0,10.95295764429672,intermediate,meat,29.0809113760752
871,2022-02-05,370,9,31.31036647996619,53.38556324558952,5,0,40.115653823307134,intermediate,grains,53.440622009713785
872,2023-06-25,246,12,29.41809076179232,43.1883209293914,6,0,22.85397754049882,expert,meat,37.13781335307901
873,2022-06-20,342,15,14.041813603670066,73.05432748389566,0,0,15.201079343371566,intermediate,meat,40.192729233239135
874,2023-10-17,141,15,12.065441586481718,87.61006708372472,1,0,10.200126950628428,beginner,grains,21.88699252948757
875,2024-08-28,279,17,26.40335045051452,83.09785849083526,2,0,28.188733459746956,expert,grains,41.135303773637006
877,2024-07-02,435,13,13.156344569815335,61.54537317354809,1,1,19.607412582957267,expert,meat,52.71161371204611
879,2024-01-04,248,9,26.439007819450577,51.15615635573149,3,0,21.217731802435004,intermediate,meat,39.51362622730128
881,2023-07-18,164,18,16.634685229704864,47.46865486711074,1,1,26.541718608448512,expert,meat,38.151336012522506
882,2022-08-29,297,15,16.31319455188548,30.4026234182436,0,0,40.84179751983113,expert,grains,56.623388536648456
883,2024-01-13,246,6,31.201194778269297,61.92130073905511,5,0,16.049778167502097,expert,grains,30.218379139431885
884,2024-05-13,354,8,19.836196164089788,70.65245673021204,0,0,16.928657795235765,intermediate,grains,29.77714463042641
886,2023-11-22,426,5,34.81038501223675,54.93623375444013,2,0,27.866377339933745,intermediate,meat,48.93508461708752
887,2023-04-06,471,6,60.0,64.30854981642922,3,1,44.209186126108406,expert,grains,64.0375468530945
888,2023-07-08,251,13,14.794561389796517,68.51159753132131,5,0,7.072837865688984,intermediate,vegetables,22.81852840038222
889,2024-05-07,335,15,-10.0,82.67906981909009,1,0,38.66072345147311,beginner,meat,52.082864328960746
892,2023-01-28,422,14,25.94963014483244,67.92538977037454,5,0,19.9751391032358,intermediate,meat,41.668751922861
895,2023-02-02,387,11,14.36933607068443,82.1366551367487,3,0,44.86612979738412,beginner,vegetables,52.408320385356205
900,2024-02-08,285,16,22.75274281247063,43.22930608134638,3,0,44.26816484686534,intermediate,grains,48.51387017262589
901,2023-10-05,168,12,19.68988078706924,51.3024633871175,3,0,5.93411144557839,expert,dairy,25.426105952754007
903,2023-09-05,378,18,33.90555476622371,85.71961722089297,1,0,47.93190192851386,beginner,meat,64.82519571776491
904,2024-01-09,351,6,27.19710274699788,47.40175161893436,1,0,29.478790007823537,expert,dairy,53.737338828829074
905,2023-07-01,379,18,31.286215938781638,52.06401904830659,5,0,23.481916042624977,intermediate,meat,37.29872271217137
906,2023-12-27,233,11,14.021204348943655,47.71450814937853,2,0,28.27820669685139,intermediate,meat,39.95520046793589
909,2022-04-09,479,10,14.020636726954752,34.9324238227069,5,0,10.136298618933443,beginner,vegetables,32.774029800970766
910,2024-03-15,323,18,28.499659667140296,39.43957680010969,4,1,6.209044432022088,intermediate,vegetables,50.19974135139675
912,2023-07-28,485,10,31.20039713123504,64.93252558609387,4,1,37.52530702796845,intermediate,meat,66.11120400029236
913,2023-02-11,398,19,26.78561673826536,42.66674826996817,5,0,11.19333804792626,intermediate,vegetables,39.3309382009304
914,2023-05-18,288,11,14.04410528380274,68.86279026377528,3,0,26.474003573808258,expert,grains,48.44798693220071
915,2022-02-17,428,5,10.025736996140836,37.64723756537214,3,0,17.50303234429545,intermediate,dairy,25.346539962409963
916,2022-02-02,158,7,21.83934721087721,82.4536034483011,2,0,24.16719688101228,intermediate,vegetables,34.50138153432251
917,2024-02-19,311,5,25.91226627622885,67.70604284513993,0,0,24.388622392202183,intermediate,meat,45.20482819966046
919,2022-07-20,417,11,17.096363215216126,79.20075774716136,2,1,41.882429887961,intermediate,meat,64.78060166834366
921,2022-01-28,121,19,29.271352713524745,43.96578882607733,4,0,34.99776881957175,beginner,dairy,34.040727008441245
922,2024-08-04,177,9,25.33682846597941,60.76358365570656,6,0,44.81635761637929,intermediate,meat,51.52253073691576
923,2022-08-19,442,18,15.866850956538777,61.54875593239943,4,0,42.005260015558136,intermediate,meat,62.60608510854583
925,2024-02-12,319,5,27.57358602446692,52.84138086965194,0,0,16.778799506051712,intermediate,meat,33.416306588184824
926,2023-01-14,198,10,31.48539483201473,30.33994887177404,5,0,42.41933538519496,intermediate,meat,43.3618484483874
927,2022-10-16,484,10,34.46578218501326,40.630255516311934,6,1,13.764807395925164,intermediate,meat,53.004152375462496
929,2023-11-06,240,7,23.01920354585532,39.22842147849647,0,0,10.320008543260696,intermediate,dairy,19.96310244156294
930,2023-01-27,157,10,10.06460037112456,62.94782017663036,4,0,16.96989618916961,intermediate,dairy,24.281083527890157
931,2023-08-16,376,15,18.08750987278685,68.56913488801047,2,0,35.893127436946365,beginner,meat,47.7336304485494
932,2023-05-14,336,11,30.63215270582242,73.17922899663182,6,0,33.6221304052607,intermediate,meat,45.41502825553888
933,2022-05-19,356,13,60.0,80.63547675670344,3,0,44.147202480396,intermediate,meat,50.38555888048062
934,2022-03-04,363,11,10.782557843687906,34.10045613193562,4,0,11.926377940230726,expert,meat,37.71238989021671
935,2023-04-17,257,19,10.030916993985237,80.6549221443491,0,0,18.77212248029472,expert,grains,28.11693068298985
937,2022-05-09,315,14,12.062713361010532,58.37828076573061,0,0,10.241503235300168,beginner,meat,31.204223425463777
939,2023-06-05,499,19,15.59036086240778,62.62834367197424,0,0,15.488276535087572,intermediate,meat,47.98713556618173
941,2022-02-01,148,16,27.56975996694987,69.04611285352485,1,0,41.18430513351168,beginner,meat,53.008322732556536
942,2022-03-06,305,11,32.73811277369546,32.76741386014403,6,0,29.514750214225497,beginner,meat,38.21478430206521
944,2022-01-15,4590,8,19.41738404966997,69.31694458149948,5,0,8.944242628759397,beginner,meat,170.34777416172813
945,2022-06-06,151,9,11.01885265231182,85.76560166838684,0,0,22.736122105218268,intermediate,meat,35.92480229513707
947,2023-05-08,389,8,15.68393250240247,76.24683709583279,0,0,48.17624823299354,expert,dairy,43.53105079417955
950,2024-02-03,221,15,14.172127946371774,46.286314658052014,5,0,31.0534394133112,expert,dairy,43.36948874349917
951,2022-08-05,367,7,20.12551997700804,62.552062111935086,4,0,44.76041277665857,beginner,grains,52.06505071418237
952,2024-07-10,283,12,23.81284036956813,86.34342575803123,2,1,38.75689532441806,beginner,dairy,59.008219202039925
953,2024-03-02,402,11,19.285550046826145,39.54150022441568,5,0,25.06799952914458,intermediate,meat,40.62244911841924
954,2022-02-22,415,10,31.35524436153915,80.36765457004601,1,0,26.33739333223939,beginner,dairy,50.904230038059005
956,2022-12-04,470,8,28.98360819807165,73.54298779319694,6,1,24.824262194284763,expert,dairy,66.95166162817456
957,2024-01-19,242,6,26.959470571378542,42.214702652781625,4,1,37.16130538560804,expert,meat,54.79859302429639
959,2023-12-26,216,5,20.845012806369297,51.86125430569392,1,0,22.020103185950514,beginner,vegetables,34.67606562335067
960,2022-10-23,332,16,12.827745476914323,64.97906556987616,6,1,13.15515024723693,intermediate,dairy,48.77461260293183
961,2023-12-03,190,7,14.51486495438252,70.7729956280345,6,0,36.34526309648208,expert,meat,31.26971727821852
962,2022-09-09,197,5,23.497645987555316,40.04158398831768,4,0,35.2575415759417,intermediate,grains,36.24750311027058
963,2023-12-28,157,14,23.951058128724178,82.76979424368758,3,0,23.58983289772149,beginner,meat,30.11915726339217
964,2023-04-07,449,11,18.339238736805008,84.43198929363734,4,0,40.328764575789066,expert,vegetables,55.04314173179031
965,2023-04-01,104,16,14.758121570476696,85.8532423236485,5,0,8.70826873378767,intermediate,vegetables,23.12255785939849
966,2022-09-28,407,17,24.502805742386705,56.6476627899451,2,0,14.350253943276115,intermediate,dairy,41.69676829953645
967,2024-03-26,276,19,29.56454849628345,30.963711898860367,1,0,35.63025679515817,expert,meat,43.85322208336641
968,2024-05-12,211,11,32.0533903570515,50.00775561576063,6,0,18.782054915207663,intermediate,dairy,29.372179067020284
969,2022-09-27,298,16,34.32744370175866,58.44038570898935,1,0,32.788810177804024,beginner,meat,47.98337417049553
970,2022-01-24,291,8,14.891765933128376,75.78931747553335,0,1,31.653561697794306,intermediate,grains,53.90655832518387
971,2022-07-21,264,19,18.978775741655788,71.69294242055756,3,0,42.11841953691966,expert,vegetables,52.01799209315895
973,2023-07-10,277,6,22.115039675471618,64.08555074027204,0,0,34.735933836090965,intermediate,meat,44.34145336877085
974,2023-12-31,259,14,32.03626949187553,79.60480608157482,6,0,8.252462640792947,expert,meat,25.552157007640037
975,2023-02-06,254,5,23.91592644841793,44.53387306947401,0,0,14.377980812824925,intermediate,dairy,22.747668645371174
976,2023-12-04,301,12,11.346455174950654,43.49341300895475,0,0,46.58328449805574,expert,dairy,53.086193772870445
977,2023-04-22,374,19,12.99572505044116,40.96843419941403,5,0,8.791491983808708,expert,meat,31.405077859126667
981,2023-07-20,429,14,27.290451389232985,39.13966713976073,3,0,9.743237868027512,intermediate,grains,36.805521974958125
983,2022-01-02,448,16,10.128629268867869,56.13032726388956,6,0,29.89003869762672,intermediate,grains,53.20337458100168
985,2022-02-13,230,17,30.79673593407305,31.0800053367129,6,0,29.797292898271955,intermediate,vegetables,36.81092527098032
986,2023-07-16,367,10,11.865745358427043,79.7857872172587,6,1,21.938673313431227,intermediate,grains,46.74125686496456
987,2024-07-20,150,14,-10.0,86.37909067761049,5,1,23.103816862206735,intermediate,vegetables,47.43900059387273
988,2022-03-22,369,10,15.092531231906854,80.28913101311547,1,0,48.494638244843706,intermediate,meat,52.75777211937997
989,2022-07-25,271,5,15.894802348980246,53.962124903681456,0,0,29.43491596723712,beginner,grains,32.704703516059496
990,2022-02-04,287,13,11.86736044394635,40.14486422135956,4,0,9.16251970725337,beginner,dairy,22.98692077983161
991,2024-07-31,111,19,23.00476308128886,35.05807887668102,2,0,20.578859900614745,intermediate,grains,22.374728825351024
992,2024-02-15,327,10,24.984224141573343,31.240282133514267,3,0,13.56516387927714,expert,meat,33.67694826371649
993,2023-05-24,175,7,19.92946943573028,37.543456139533575,2,0,26.09554462280559,expert,meat,33.93092651340736
995,2023-03-31,207,6,21.42146612200921,34.96292769146121,4,1,41.55758258837679,intermediate,vegetables,56.54150423153591
996,2022-02-07,274,8,26.92685609981909,43.60382297541064,0,0,39.53744737658175,intermediate,dairy,49.14366793128884
1000,2024-06-16,372,17,31.549672710106808,65.72157967551624,6,0,38.74791568110835,intermediate,meat,49.34746479792479
1002,2022-12-12,150,7,13.724796399254869,89.76737697836647,0,0,45.86067902187384,beginner,dairy,39.12581412218569
1003,2024-02-16,291,13,25.053641101312024,46.14117880789863,4,1,46.27492663211883,intermediate,vegetables,55.46700493791375
1004,2022-08-30,346,11,18.98126869790614,53.15247017370696,1,1,39.054114061111775,intermediate,vegetables,62.04979168334652
1006,2022-11-12,448,19,33.1418707720178,57.50798547415547,5,0,37.88958304949934,intermediate,meat,63.98236563870466
1007,2023-08-24,198,17,26.152253086562705,71.4057934942706,3,0,41.36305177022102,expert,dairy,37.58296477236034
1008,2023-01-23,117,5,30.39371608760702,46.82006764749126,0,0,22.43530831651424,expert,meat,37.55246724436765
1009,2022-10-01,437,19,18.566337203022883,35.29210222739224,5,0,19.939391214471627,expert,meat,50.81830563846673
1010,2022-06-16,112,10,28.60697663987389,87.24198765510243,3,0,32.806920193083414,expert,dairy,34.31018605124429
1011,2024-04-20,359,13,10.907190565337554,78.98464709790184,5,0,19.662106280875197,intermediate,meat,32.07990281496097
1013,2023-10-09,478,19,33.557884741829824,88.02316088556209,0,0,10.339727651354243,intermediate,vegetables,44.8226272932104
1014,2024-03-29,198,9,15.638533248143316,77.85284163223196,4,0,24.29439310016076,expert,grains,41.30178486757264
1015,2023-04-30,226,6,16.426181660801998,89.96797489293783,6,0,49.39534013514847,expert,meat,46.88100458246255
1016,2022-02-12,419,15,11.952367212071158,58.74420378620107,5,0,15.171493855489343,intermediate,dairy,35.56827613398504
1017,2023-05-20,168,11,24.36468455794417,75.24138209570293,5,0,49.1558718854958,intermediate,meat,46.98950310436417
1018,2024-04-11,182,9,11.432006276940584,87.69080033898508,3,0,23.823099999206867,expert,grains,30.49192342488851
1020,2023-07-21,142,14,25.451291857179648,83.9673127527661,4,0,29.92205482851765,intermediate,meat,35.22022046492519
1021,2024-05-25,393,14,34.18390444470688,49.51523435547311,5,0,36.83418238228696,beginner,grains,50.27917828667118
1022,2023-07-17,422,15,29.56740101860373,66.36879389600878,0,0,30.684266643158303,intermediate,vegetables,45.6593833594455
1024,2023-11-18,464,9,33.20793832121443,67.32237374225963,5,0,10.212038700655745,beginner,dairy,44.96087927845948
1026,2022-07-09,324,13,22.621122047325443,65.92154413914585,5,0,47.09201725882028,beginner,meat,60.62586880031563
1027,2024-09-02,313,7,30.57396115553715,53.8468894139455,0,0,28.977216683062743,expert,meat,34.78214517771701
1028,2023-12-01,281,18,28.704797649474937,87.37920560325165,4,1,38.55729497921543,beginner,grains,56.32568803906105
1029,2023-05-26,243,17,25.698751319315896,88.47550868011979,4,0,46.49863676230779,expert,meat,54.537390589836335
1030,2023-04-20,219,10,21.872163587655464,45.25388302492173,3,0,5.231283241350214,intermediate,meat,28.297747075421903
1032,2024-01-18,113,7,28.96690975277512,42.03361506437898,3,0,31.170389199709494,intermediate,meat,32.39586337854402
1033,2022-09-10,297,10,10.854694148478954,88.32151538979547,5,1,12.644266748201437,expert,meat,44.56475439317969
1034,2022-01-22,393,6,31.00303756853047,51.622669195820855,5,0,27.0066098888429,intermediate,vegetables,40.94928373978302
1035,2023-04-05,464,16,34.88701226760642,81.99287890494521,2,0,46.67923408479553,intermediate,dairy,58.57742180728891
1036,2022-10-04,366,8,13.317866345481937,31.85625868388052,1,0,33.24854367038014,intermediate,vegetables,42.55481316392077
1037,2024-08-13,338,17,30.50943768622433,79.10217398888024,1,0,43.16816742259762,intermediate,meat,48.366656560992055
1039,2024-03-16,338,9,33.75781882326479,37.13246347062432,5,0,22.12168484718661,expert,meat,34.751027860371266
1040,2022-12-10,329,10,30.34415720798966,78.39536053957661,5,0,19.35702834495079,intermediate,dairy,43.91055238295943
1042,2022-05-11,198,6,18.945033773206784,58.18462577944103,2,0,18.296056608204168,expert,grains,25.533362473945573
1043,2024-05-21,202,9,14.779767536619726,76.8597536168995,1,0,41.52074019581966,intermediate,meat,42.88728265418715
1044,2022-03-29,395,18,17.354199333586948,45.1384349903644,1,0,40.55066787019469,intermediate,grains,50.36915178978074
1045,2022-11-27,483,11,24.91213687463554,59.485090651713406,6,0,36.47027598136894,intermediate,dairy,43.07012119080947
1046,2023-04-12,243,11,28.870945498521195,70.5084036689801,2,0,19.76720325591235,intermediate,meat,29.63256008394076
1048,2022-02-14,406,10,19.06163765289679,55.28664249475485,0,0,28.56036107884351,expert,meat,44.61575936451028
1049,2024-05-10,350,6,23.708014593160605,51.351285555552685,4,0,46.786859668878726,intermediate,vegetables,57.0664809637605
